-- -------------------------------------------------------------
-- TablePlus 6.8.2(656)
--
-- https://tableplus.com/
--
-- Database: dcc_mvp
-- Generation Time: 2026-03-12 06:17:51.5640
-- -------------------------------------------------------------


DROP TABLE IF EXISTS "public"."ScoringInput";
-- Table Definition
CREATE TABLE "public"."ScoringInput" (
    "id" text NOT NULL,
    "providerId" text NOT NULL,
    "evidencePackRef" text,
    "transparency" float8,
    "collateralControl" float8,
    "jurisdiction" float8,
    "structuralRisk" float8,
    "trackRecord" float8,
    "marketVolatility" float8,
    "incomeMechanism" float8,
    "seniority" float8,
    "complexity" float8,
    "providerQuality" float8,
    "reserveQuality" float8,
    "yieldTransparency" float8,
    "counterpartyRisk" float8,
    "liquidity" float8,
    "hv30" float8,
    "pegDeviation90d" float8,
    "tvl" float8,
    "maxDrawdown90d" float8,
    "marketDataFetchedAt" timestamp(3),
    "adminApprovedBy" text,
    "adminApprovedAt" timestamp(3),
    "allFieldsApproved" bool NOT NULL DEFAULT false,
    "createdAt" timestamp(3) NOT NULL DEFAULT CURRENT_TIMESTAMP,
    PRIMARY KEY ("id")
);

DROP TABLE IF EXISTS "public"."ScoreSnapshot";
DROP TYPE IF EXISTS "public"."RiskBand";
CREATE TYPE "public"."RiskBand" AS ENUM ('LOW', 'MEDIUM', 'ELEVATED', 'HIGH');
DROP TYPE IF EXISTS "public"."PlannerType";
CREATE TYPE "public"."PlannerType" AS ENUM ('BTC', 'FIAT', 'STABLECOIN');

-- Table Definition
CREATE TABLE "public"."ScoreSnapshot" (
    "id" text NOT NULL,
    "providerId" text NOT NULL,
    "scoringInputId" text NOT NULL,
    "rawScore" float8 NOT NULL,
    "durationMultiplier" float8 NOT NULL,
    "finalScore" float8 NOT NULL,
    "riskBand" "public"."RiskBand" NOT NULL,
    "scoreVersion" text NOT NULL DEFAULT '1.0'::text,
    "plannerType" "public"."PlannerType" NOT NULL,
    "criteriaBreakdown" jsonb NOT NULL,
    "createdAt" timestamp(3) NOT NULL DEFAULT CURRENT_TIMESTAMP,
    PRIMARY KEY ("id")
);

DROP TABLE IF EXISTS "public"."EvidencePack";
DROP TYPE IF EXISTS "public"."EvidenceStatus";
CREATE TYPE "public"."EvidenceStatus" AS ENUM ('PENDING', 'PARTIAL', 'APPROVED', 'REJECTED');

-- Table Definition
CREATE TABLE "public"."EvidencePack" (
    "id" text NOT NULL,
    "providerId" text NOT NULL,
    "agentRunAt" timestamp(3) NOT NULL DEFAULT CURRENT_TIMESTAMP,
    "proposedClassifications" jsonb NOT NULL,
    "marketData" jsonb,
    "overallConfidence" float8 NOT NULL,
    "publishBlocked" bool NOT NULL DEFAULT true,
    "fieldsRequiringReview" jsonb NOT NULL DEFAULT '[]'::jsonb,
    "criticalFieldsBelowThreshold" jsonb NOT NULL DEFAULT '[]'::jsonb,
    "adminStatus" "public"."EvidenceStatus" NOT NULL DEFAULT 'PENDING'::"EvidenceStatus",
    "reviewedBy" text,
    "reviewedAt" timestamp(3),
    "createdAt" timestamp(3) NOT NULL DEFAULT CURRENT_TIMESTAMP,
    PRIMARY KEY ("id")
);

DROP TABLE IF EXISTS "public"."SuitabilitySnapshot";
-- Table Definition
CREATE TABLE "public"."SuitabilitySnapshot" (
    "id" text NOT NULL,
    "dccVersion" text NOT NULL DEFAULT '1.0'::text,
    "plannerModule" text NOT NULL,
    "generatedAt" timestamp(3) NOT NULL DEFAULT CURRENT_TIMESTAMP,
    "dataAsOf" timestamp(3) NOT NULL,
    "inputs" jsonb NOT NULL,
    "allocation" jsonb NOT NULL,
    "outputs" jsonb NOT NULL,
    "riskNotes" jsonb NOT NULL DEFAULT '[]'::jsonb,
    "disclaimers" jsonb NOT NULL DEFAULT '[]'::jsonb,
    "provenance" jsonb NOT NULL,
    "clientName" text,
    "riskPreference" text,
    "advisorPlatform" text,
    "advisorPushStatus" text,
    "advisorPlatformRef" text,
    "pdfPath" text,
    "createdAt" timestamp(3) NOT NULL DEFAULT CURRENT_TIMESTAMP,
    "userId" text,
    PRIMARY KEY ("id")
);

DROP TABLE IF EXISTS "public"."MarketDataCache";
-- Table Definition
CREATE TABLE "public"."MarketDataCache" (
    "id" text NOT NULL,
    "providerId" text NOT NULL,
    "hv30" float8,
    "pegDeviation" float8,
    "tvl" float8,
    "maxDrawdown90d" float8,
    "source" text,
    "fetchedAt" timestamp(3) NOT NULL DEFAULT CURRENT_TIMESTAMP,
    "isStale" bool NOT NULL DEFAULT false,
    PRIMARY KEY ("id")
);

DROP TABLE IF EXISTS "public"."Provider";
DROP TYPE IF EXISTS "public"."PlannerType";
CREATE TYPE "public"."PlannerType" AS ENUM ('BTC', 'FIAT', 'STABLECOIN');
DROP TYPE IF EXISTS "public"."JurisdictionTier";
CREATE TYPE "public"."JurisdictionTier" AS ENUM ('T1', 'T2', 'T3', 'UNKNOWN');
DROP TYPE IF EXISTS "public"."ReyhypType";
CREATE TYPE "public"."ReyhypType" AS ENUM ('NO', 'DISCLOSED', 'UNDISCLOSED');

-- Table Definition
CREATE TABLE "public"."Provider" (
    "id" text NOT NULL,
    "name" text NOT NULL,
    "slug" text NOT NULL,
    "plannerType" "public"."PlannerType" NOT NULL,
    "domicile" text NOT NULL,
    "jurisdictionTier" "public"."JurisdictionTier" NOT NULL,
    "isActive" bool NOT NULL DEFAULT false,
    "apyMin" float8,
    "apyMax" float8,
    "maxLtv" float8,
    "liquidationLtv" float8,
    "rehypothecation" "public"."ReyhypType" NOT NULL DEFAULT 'UNDISCLOSED'::"ReyhypType",
    "createdAt" timestamp(3) NOT NULL DEFAULT CURRENT_TIMESTAMP,
    "updatedAt" timestamp(3) NOT NULL,
    PRIMARY KEY ("id")
);

DROP TABLE IF EXISTS "public"."Plan";
-- Table Definition
CREATE TABLE "public"."Plan" (
    "id" text NOT NULL,
    "slug" text NOT NULL,
    "name" text NOT NULL,
    "priceYearCents" int4 NOT NULL DEFAULT 0,
    "priceMonthCents" int4 NOT NULL DEFAULT 0,
    "stripePriceIdYear" text,
    "stripePriceIdMonth" text,
    PRIMARY KEY ("id")
);

DROP TABLE IF EXISTS "public"."Subscription";
-- Table Definition
CREATE TABLE "public"."Subscription" (
    "id" text NOT NULL,
    "userId" text NOT NULL,
    "planId" text NOT NULL,
    "stripeSubscriptionId" text,
    "status" text NOT NULL DEFAULT 'active'::text,
    "currentPeriodEnd" timestamp(3),
    "createdAt" timestamp(3) NOT NULL DEFAULT CURRENT_TIMESTAMP,
    "updatedAt" timestamp(3) NOT NULL,
    PRIMARY KEY ("id")
);

DROP TABLE IF EXISTS "public"."_prisma_migrations";
-- Table Definition
CREATE TABLE "public"."_prisma_migrations" (
    "id" varchar(36) NOT NULL,
    "checksum" varchar(64) NOT NULL,
    "finished_at" timestamptz,
    "migration_name" varchar(255) NOT NULL,
    "logs" text,
    "rolled_back_at" timestamptz,
    "started_at" timestamptz NOT NULL DEFAULT now(),
    "applied_steps_count" int4 NOT NULL DEFAULT 0,
    PRIMARY KEY ("id")
);

DROP TABLE IF EXISTS "public"."User";
DROP TYPE IF EXISTS "public"."UserRole";
CREATE TYPE "public"."UserRole" AS ENUM ('FREE', 'PRO', 'SUPER_ADMIN');

-- Table Definition
CREATE TABLE "public"."User" (
    "id" text NOT NULL,
    "email" text NOT NULL,
    "name" text NOT NULL,
    "passwordHash" text NOT NULL,
    "role" "public"."UserRole" NOT NULL DEFAULT 'FREE'::"UserRole",
    "emailVerified" bool NOT NULL DEFAULT false,
    "emailVerificationToken" text,
    "emailVerificationExpiresAt" timestamp(3),
    "passwordResetToken" text,
    "passwordResetExpiresAt" timestamp(3),
    "createdAt" timestamp(3) NOT NULL DEFAULT CURRENT_TIMESTAMP,
    "updatedAt" timestamp(3) NOT NULL,
    "subscriptionPeriodStart" timestamp(3),
    "subscriptionPeriodEnd" timestamp(3),
    "billingInterval" text,
    "subscriptionReminder1dForEnd" timestamp(3),
    "subscriptionReminder30dForEnd" timestamp(3),
    "subscriptionReminder7dForEnd" timestamp(3),
    PRIMARY KEY ("id")
);

INSERT INTO "public"."ScoringInput" ("id", "providerId", "evidencePackRef", "transparency", "collateralControl", "jurisdiction", "structuralRisk", "trackRecord", "marketVolatility", "incomeMechanism", "seniority", "complexity", "providerQuality", "reserveQuality", "yieldTransparency", "counterpartyRisk", "liquidity", "hv30", "pegDeviation90d", "tvl", "maxDrawdown90d", "marketDataFetchedAt", "adminApprovedBy", "adminApprovedAt", "allFieldsApproved", "createdAt") VALUES
('cmmei6mhr0004p3zzu8hb2vhc', 'cmmdrbji20002erp58ffijkuc', NULL, 82, 80, 85, 78, 80, NULL, NULL, NULL, NULL, NULL, NULL, NULL, NULL, NULL, NULL, NULL, NULL, NULL, NULL, 'seed', '2026-03-06 06:18:10.136', 't', '2026-03-06 06:18:10.143'),
('cmmei6mhy0009p3zzsk6k88ps', 'cmmdrbjin0007erp5sxzgge34', NULL, 82, 80, 85, 78, 80, NULL, NULL, NULL, NULL, NULL, NULL, NULL, NULL, NULL, NULL, NULL, NULL, NULL, NULL, 'seed', '2026-03-06 06:18:10.149', 't', '2026-03-06 06:18:10.15'),
('cmmei6mi2000ep3zzt81n11uf', 'cmmdrbjiz000cerp5efjpih2n', NULL, 82, 80, 85, 78, 80, NULL, NULL, NULL, NULL, NULL, NULL, NULL, NULL, NULL, NULL, NULL, NULL, NULL, NULL, 'seed', '2026-03-06 06:18:10.154', 't', '2026-03-06 06:18:10.154'),
('cmmei6mi5000jp3zzx8xc8j9j', 'cmmdrbjj7000herp5mgs42nud', NULL, 82, 80, 85, 78, 80, NULL, NULL, NULL, NULL, NULL, NULL, NULL, NULL, NULL, NULL, NULL, NULL, NULL, NULL, 'seed', '2026-03-06 06:18:10.157', 't', '2026-03-06 06:18:10.158'),
('cmmei6mi9000op3zz6d96cpbd', 'cmmdrbjjj000merp5nrczmknf', NULL, 82, 80, 85, 78, 80, NULL, NULL, NULL, NULL, NULL, NULL, NULL, NULL, NULL, NULL, NULL, NULL, NULL, NULL, 'seed', '2026-03-06 06:18:10.16', 't', '2026-03-06 06:18:10.161'),
('cmmei6mic000tp3zzv0vlmn6q', 'cmm3szdtx0003t58ar2r0vyic', NULL, 82, 80, 85, 78, 80, NULL, NULL, NULL, NULL, NULL, NULL, NULL, NULL, NULL, NULL, NULL, NULL, NULL, NULL, 'seed', '2026-03-06 06:18:10.164', 't', '2026-03-06 06:18:10.164'),
('cmmei6mig000yp3zzlg2pvr47', 'cmm3szdu50006t58am5ttlb70', NULL, 82, 80, 85, 78, 80, NULL, NULL, NULL, NULL, NULL, NULL, NULL, NULL, NULL, NULL, NULL, NULL, NULL, NULL, 'seed', '2026-03-06 06:18:10.168', 't', '2026-03-06 06:18:10.168'),
('cmmei6mij0013p3zzgpe3bffl', 'cmmdrbjko0011erp5vbn5n8v6', NULL, 82, 80, 85, 78, 80, NULL, NULL, NULL, NULL, NULL, NULL, NULL, NULL, NULL, NULL, NULL, NULL, NULL, NULL, 'seed', '2026-03-06 06:18:10.17', 't', '2026-03-06 06:18:10.171'),
('cmmei6mim0018p3zz11f2pfeb', 'cmmdrbjm40016erp5u0w0po1e', NULL, 82, 80, 85, 78, 80, NULL, NULL, NULL, NULL, NULL, NULL, NULL, NULL, NULL, NULL, NULL, NULL, NULL, NULL, 'seed', '2026-03-06 06:18:10.173', 't', '2026-03-06 06:18:10.174'),
('cmmei6mio001dp3zzv6pphoav', 'cmm3szduo000ft58a9l9fju2v', NULL, NULL, NULL, NULL, NULL, NULL, 70, 65, 60, 58, 62, NULL, NULL, NULL, NULL, 28, NULL, NULL, NULL, NULL, 'seed', '2026-03-06 06:18:10.176', 't', '2026-03-06 06:18:10.177'),
('cmmei6mis001ip3zzpk22lmdj', 'cmm3szdux000it58aubjsjewp', NULL, NULL, NULL, NULL, NULL, NULL, 70, 65, 60, 58, 62, NULL, NULL, NULL, NULL, 28, NULL, NULL, NULL, NULL, 'seed', '2026-03-06 06:18:10.179', 't', '2026-03-06 06:18:10.18'),
('cmmei6miv001np3zzgdv3bjpt', 'cmm3szdv2000lt58ai81rucm6', NULL, NULL, NULL, NULL, NULL, NULL, 70, 65, 60, 58, 62, NULL, NULL, NULL, NULL, 28, NULL, NULL, NULL, NULL, 'seed', '2026-03-06 06:18:10.183', 't', '2026-03-06 06:18:10.183'),
('cmmei6miy001sp3zzz9zrn0vd', 'cmm3szdv7000ot58a45842tdb', NULL, NULL, NULL, NULL, NULL, NULL, 70, 65, 60, 58, 62, NULL, NULL, NULL, NULL, 41, NULL, NULL, NULL, NULL, 'seed', '2026-03-06 06:18:10.186', 't', '2026-03-06 06:18:10.186'),
('cmmei6mj1001xp3zz4pje4e3u', 'cmm3szdvd000rt58ag0qz4vlq', NULL, NULL, NULL, NULL, NULL, NULL, NULL, NULL, NULL, NULL, NULL, 82, 78, 76, 80, NULL, NULL, NULL, NULL, NULL, 'seed', '2026-03-06 06:18:10.189', 't', '2026-03-06 06:18:10.19'),
('cmmei6mj40022p3zz45zhrrxt', 'cmm3szdvk000ut58a0oqgf482', NULL, NULL, NULL, NULL, NULL, NULL, NULL, NULL, NULL, NULL, NULL, 82, 78, 76, 80, NULL, NULL, NULL, NULL, NULL, 'seed', '2026-03-06 06:18:10.192', 't', '2026-03-06 06:18:10.193'),
('cmmei6mj70027p3zzj4jww6b3', 'cmm3szdvq000xt58apiuvmnpy', NULL, NULL, NULL, NULL, NULL, NULL, NULL, NULL, NULL, NULL, NULL, 82, 78, 76, 80, NULL, NULL, NULL, NULL, NULL, 'seed', '2026-03-06 06:18:10.195', 't', '2026-03-06 06:18:10.196'),
('cmmei6mja002cp3zzmyoob2xj', 'cmmei6mj9002ap3zzksierwb7', NULL, NULL, NULL, NULL, NULL, NULL, NULL, NULL, NULL, NULL, NULL, 82, 78, 76, 80, NULL, NULL, NULL, NULL, NULL, 'seed', '2026-03-06 06:18:10.198', 't', '2026-03-06 06:18:10.199'),
('cmmei6mjd002hp3zzsucfxya9', 'cmmei6mjc002fp3zz6z394s7a', NULL, NULL, NULL, NULL, NULL, NULL, NULL, NULL, NULL, NULL, NULL, 82, 78, 76, 80, NULL, NULL, NULL, NULL, NULL, 'seed', '2026-03-06 06:18:10.201', 't', '2026-03-06 06:18:10.202');

INSERT INTO "public"."ScoreSnapshot" ("id", "providerId", "scoringInputId", "rawScore", "durationMultiplier", "finalScore", "riskBand", "scoreVersion", "plannerType", "criteriaBreakdown", "createdAt") VALUES
('cmmei6mht0006p3zzt4v95but', 'cmmdrbji20002erp58ffijkuc', 'cmmei6mhr0004p3zzu8hb2vhc', 81, 1, 81, 'LOW', '1.0', 'BTC', '{"trackRecord": 80, "jurisdiction": 85, "transparency": 82, "structuralRisk": 78, "collateralControl": 80}', '2026-03-06 06:18:10.145'),
('cmmei6mhz000bp3zzsvc8d561', 'cmmdrbjin0007erp5sxzgge34', 'cmmei6mhy0009p3zzsk6k88ps', 79, 1, 79, 'MEDIUM', '1.0', 'BTC', '{"trackRecord": 80, "jurisdiction": 85, "transparency": 82, "structuralRisk": 78, "collateralControl": 80}', '2026-03-06 06:18:10.151'),
('cmmei6mi3000gp3zzo6oc39c6', 'cmmdrbjiz000cerp5efjpih2n', 'cmmei6mi2000ep3zzt81n11uf', 77, 1, 77, 'MEDIUM', '1.0', 'BTC', '{"trackRecord": 80, "jurisdiction": 85, "transparency": 82, "structuralRisk": 78, "collateralControl": 80}', '2026-03-06 06:18:10.155'),
('cmmei6mi6000lp3zzobwzm9wt', 'cmmdrbjj7000herp5mgs42nud', 'cmmei6mi5000jp3zzx8xc8j9j', 76, 1, 76, 'MEDIUM', '1.0', 'BTC', '{"trackRecord": 80, "jurisdiction": 85, "transparency": 82, "structuralRisk": 78, "collateralControl": 80}', '2026-03-06 06:18:10.159'),
('cmmei6mia000qp3zz0akif1e4', 'cmmdrbjjj000merp5nrczmknf', 'cmmei6mi9000op3zz6d96cpbd', 74, 1, 74, 'MEDIUM', '1.0', 'BTC', '{"trackRecord": 80, "jurisdiction": 85, "transparency": 82, "structuralRisk": 78, "collateralControl": 80}', '2026-03-06 06:18:10.162'),
('cmmei6mie000vp3zz1ftk8268', 'cmm3szdtx0003t58ar2r0vyic', 'cmmei6mic000tp3zzv0vlmn6q', 78, 1, 78, 'MEDIUM', '1.0', 'BTC', '{"trackRecord": 80, "jurisdiction": 85, "transparency": 82, "structuralRisk": 78, "collateralControl": 80}', '2026-03-06 06:18:10.166'),
('cmmei6mih0010p3zzrw835vhq', 'cmm3szdu50006t58am5ttlb70', 'cmmei6mig000yp3zzlg2pvr47', 71, 1, 71, 'MEDIUM', '1.0', 'BTC', '{"trackRecord": 80, "jurisdiction": 85, "transparency": 82, "structuralRisk": 78, "collateralControl": 80}', '2026-03-06 06:18:10.169'),
('cmmei6mij0015p3zzw2babjsn', 'cmmdrbjko0011erp5vbn5n8v6', 'cmmei6mij0013p3zzgpe3bffl', 65, 1, 65, 'MEDIUM', '1.0', 'BTC', '{"trackRecord": 80, "jurisdiction": 85, "transparency": 82, "structuralRisk": 78, "collateralControl": 80}', '2026-03-06 06:18:10.172'),
('cmmei6mim001ap3zz1msgyely', 'cmmdrbjm40016erp5u0w0po1e', 'cmmei6mim0018p3zz11f2pfeb', 62, 1, 62, 'MEDIUM', '1.0', 'BTC', '{"trackRecord": 80, "jurisdiction": 85, "transparency": 82, "structuralRisk": 78, "collateralControl": 80}', '2026-03-06 06:18:10.175'),
('cmmei6mip001fp3zzhzq0ywl1', 'cmm3szduo000ft58a9l9fju2v', 'cmmei6mio001dp3zzv6pphoav', 62, 1, 62, 'MEDIUM', '1.0', 'FIAT', '{"seniority": 60, "complexity": 58, "incomeMechanism": 65, "providerQuality": 62, "marketVolatility": 70}', '2026-03-06 06:18:10.178'),
('cmmei6mit001kp3zzkmxvll17', 'cmm3szdux000it58aubjsjewp', 'cmmei6mis001ip3zzpk22lmdj', 59, 1, 59, 'ELEVATED', '1.0', 'FIAT', '{"seniority": 60, "complexity": 58, "incomeMechanism": 65, "providerQuality": 62, "marketVolatility": 70}', '2026-03-06 06:18:10.181'),
('cmmei6miw001pp3zzpt3dssnd', 'cmm3szdv2000lt58ai81rucm6', 'cmmei6miv001np3zzgdv3bjpt', 55, 1, 55, 'ELEVATED', '1.0', 'FIAT', '{"seniority": 60, "complexity": 58, "incomeMechanism": 65, "providerQuality": 62, "marketVolatility": 70}', '2026-03-06 06:18:10.184'),
('cmmei6miz001up3zzvd33i334', 'cmm3szdv7000ot58a45842tdb', 'cmmei6miy001sp3zzz9zrn0vd', 48, 1, 48, 'ELEVATED', '1.0', 'FIAT', '{"seniority": 60, "complexity": 58, "incomeMechanism": 65, "providerQuality": 62, "marketVolatility": 70}', '2026-03-06 06:18:10.188'),
('cmmei6mj2001zp3zz72n1mofq', 'cmm3szdvd000rt58ag0qz4vlq', 'cmmei6mj1001xp3zz4pje4e3u', 79, 1, 79, 'MEDIUM', '1.0', 'STABLECOIN', '{"liquidity": 80, "reserveQuality": 82, "counterpartyRisk": 76, "yieldTransparency": 78}', '2026-03-06 06:18:10.191'),
('cmmei6mj50024p3zz67gdoqf1', 'cmm3szdvk000ut58a0oqgf482', 'cmmei6mj40022p3zz45zhrrxt', 76, 1, 76, 'MEDIUM', '1.0', 'STABLECOIN', '{"liquidity": 80, "reserveQuality": 82, "counterpartyRisk": 76, "yieldTransparency": 78}', '2026-03-06 06:18:10.194'),
('cmmei6mj80029p3zz1yt32ibn', 'cmm3szdvq000xt58apiuvmnpy', 'cmmei6mj70027p3zzj4jww6b3', 68, 1, 68, 'MEDIUM', '1.0', 'STABLECOIN', '{"liquidity": 80, "reserveQuality": 82, "counterpartyRisk": 76, "yieldTransparency": 78}', '2026-03-06 06:18:10.196'),
('cmmei6mjb002ep3zzgd4e42yc', 'cmmei6mj9002ap3zzksierwb7', 'cmmei6mja002cp3zzmyoob2xj', 72, 1, 72, 'MEDIUM', '1.0', 'STABLECOIN', '{"liquidity": 80, "reserveQuality": 82, "counterpartyRisk": 76, "yieldTransparency": 78}', '2026-03-06 06:18:10.2'),
('cmmei6mje002jp3zzutv68xof', 'cmmei6mjc002fp3zz6z394s7a', 'cmmei6mjd002hp3zzsucfxya9', 70, 1, 70, 'MEDIUM', '1.0', 'STABLECOIN', '{"liquidity": 80, "reserveQuality": 82, "counterpartyRisk": 76, "yieldTransparency": 78}', '2026-03-06 06:18:10.203');

INSERT INTO "public"."EvidencePack" ("id", "providerId", "agentRunAt", "proposedClassifications", "marketData", "overallConfidence", "publishBlocked", "fieldsRequiringReview", "criticalFieldsBelowThreshold", "adminStatus", "reviewedBy", "reviewedAt", "createdAt") VALUES
('cmmd38gpq00011qf0qe51vjc6', 'cmm3szdt70000t58axtdpb9m4', '2026-03-05 06:31:55.548', '{"trackRecord": {"sources": [{"url": "mock://official", "snippet": "Extracted from official source.", "lastChecked": "2026-03-05T06:31:55.545Z"}], "confidence": 0.82, "adminStatus": "pending", "proposedValue": "75", "conflictDetected": false}, "jurisdiction": {"sources": [{"url": "mock://official", "snippet": "Extracted from official source.", "lastChecked": "2026-03-05T06:31:55.545Z"}], "confidence": 0.82, "adminStatus": "pending", "proposedValue": "75", "conflictDetected": false}, "transparency": {"sources": [{"url": "mock://official", "snippet": "Extracted from official source.", "lastChecked": "2026-03-05T06:31:55.545Z"}], "confidence": 0.82, "adminStatus": "pending", "proposedValue": "75", "conflictDetected": false}, "structuralRisk": {"sources": [{"url": "mock://official", "snippet": "Extracted from official source.", "lastChecked": "2026-03-05T06:31:55.545Z"}], "confidence": 0.82, "adminStatus": "pending", "proposedValue": "75", "conflictDetected": false}, "liquidation_ltv": {"sources": [{"url": "mock://official", "snippet": "Extracted from official source.", "lastChecked": "2026-03-05T06:31:55.545Z"}], "confidence": 0.82, "adminStatus": "pending", "proposedValue": "75", "conflictDetected": false}, "rehypothecation": {"sources": [{"url": "mock://official", "snippet": "Extracted from official source.", "lastChecked": "2026-03-05T06:31:55.545Z"}], "confidence": 0.82, "adminStatus": "pending", "proposedValue": "75", "conflictDetected": false}, "collateralControl": {"sources": [{"url": "mock://official", "snippet": "Extracted from official source.", "lastChecked": "2026-03-05T06:31:55.545Z"}], "confidence": 0.82, "adminStatus": "pending", "proposedValue": "75", "conflictDetected": false}}', NULL, 0.82, 'f', '[]', '["liquidation_ltv", "rehypothecation"]', 'APPROVED', 'evidence-pack-publish', '2026-03-05 06:32:24.535', '2026-03-05 06:31:55.548'),
('cmmd4o3qz00071qf0a1hoj05t', 'cmm3szdvd000rt58ag0qz4vlq', '2026-03-05 07:12:04.859', '{"liquidity": {"sources": [{"url": "https://morpho.org/terms", "snippet": "Extracted from official source.", "lastChecked": "2026-03-05T07:12:04.857Z"}], "confidence": 0.82, "adminStatus": "pending", "proposedValue": "75", "conflictDetected": false}, "reserveQuality": {"sources": [{"url": "https://morpho.org/terms", "snippet": "Extracted from official source.", "lastChecked": "2026-03-05T07:12:04.857Z"}], "confidence": 0.82, "adminStatus": "pending", "proposedValue": "75", "conflictDetected": false}, "counterpartyRisk": {"sources": [{"url": "https://morpho.org/terms", "snippet": "Extracted from official source.", "lastChecked": "2026-03-05T07:12:04.857Z"}], "confidence": 0.82, "adminStatus": "pending", "proposedValue": "75", "conflictDetected": false}, "yieldTransparency": {"sources": [{"url": "https://morpho.org/terms", "snippet": "Extracted from official source.", "lastChecked": "2026-03-05T07:12:04.857Z"}], "confidence": 0.82, "adminStatus": "pending", "proposedValue": "75", "conflictDetected": false}}', NULL, 0.82, 'f', '[]', '[]', 'APPROVED', 'evidence-pack-publish', '2026-03-05 07:12:26.657', '2026-03-05 07:12:04.859'),
('cmmd4pme4000d1qf0c8vqb9rl', 'cmm3szduf000ct58a15qj0jqk', '2026-03-05 07:13:15.676', '{"trackRecord": {"sources": [{"url": "mock://official", "snippet": "Extracted from official source.", "lastChecked": "2026-03-05T07:13:15.675Z"}], "confidence": 0.82, "adminStatus": "pending", "proposedValue": "75", "conflictDetected": false}, "jurisdiction": {"sources": [{"url": "mock://official", "snippet": "Extracted from official source.", "lastChecked": "2026-03-05T07:13:15.675Z"}], "confidence": 0.82, "adminStatus": "pending", "proposedValue": "75", "conflictDetected": false}, "transparency": {"sources": [{"url": "mock://official", "snippet": "Extracted from official source.", "lastChecked": "2026-03-05T07:13:15.675Z"}], "confidence": 0.82, "adminStatus": "pending", "proposedValue": "75", "conflictDetected": false}, "structuralRisk": {"sources": [{"url": "mock://official", "snippet": "Extracted from official source.", "lastChecked": "2026-03-05T07:13:15.675Z"}], "confidence": 0.82, "adminStatus": "pending", "proposedValue": "75", "conflictDetected": false}, "liquidation_ltv": {"sources": [{"url": "mock://official", "snippet": "Extracted from official source.", "lastChecked": "2026-03-05T07:13:15.675Z"}], "confidence": 0.82, "adminStatus": "pending", "proposedValue": "75", "conflictDetected": false}, "rehypothecation": {"sources": [{"url": "mock://official", "snippet": "Extracted from official source.", "lastChecked": "2026-03-05T07:13:15.675Z"}], "confidence": 0.82, "adminStatus": "pending", "proposedValue": "75", "conflictDetected": false}, "collateralControl": {"sources": [{"url": "mock://official", "snippet": "Extracted from official source.", "lastChecked": "2026-03-05T07:13:15.675Z"}], "confidence": 0.82, "adminStatus": "pending", "proposedValue": "75", "conflictDetected": false}}', NULL, 0.82, 'f', '[]', '["liquidation_ltv", "rehypothecation"]', 'APPROVED', 'evidence-pack-publish', '2026-03-05 07:13:26.004', '2026-03-05 07:13:15.676'),
('cmmdbiwuz000j1qf0ubgmbbt6', 'cmm3szdtx0003t58ar2r0vyic', '2026-03-05 10:23:59.963', '{"trackRecord": {"sources": [{"url": "https://ledn.io/terms", "snippet": "Extracted from official source.", "lastChecked": "2026-03-05T10:23:59.961Z"}], "confidence": 0.82, "adminStatus": "pending", "proposedValue": "75", "conflictDetected": false}, "jurisdiction": {"sources": [{"url": "https://ledn.io/terms", "snippet": "Extracted from official source.", "lastChecked": "2026-03-05T10:23:59.961Z"}], "confidence": 0.82, "adminStatus": "pending", "proposedValue": "75", "conflictDetected": false}, "transparency": {"sources": [{"url": "https://ledn.io/terms", "snippet": "Extracted from official source.", "lastChecked": "2026-03-05T10:23:59.961Z"}], "confidence": 0.82, "adminStatus": "pending", "proposedValue": "75", "conflictDetected": false}, "structuralRisk": {"sources": [{"url": "https://ledn.io/terms", "snippet": "Extracted from official source.", "lastChecked": "2026-03-05T10:23:59.961Z"}], "confidence": 0.82, "adminStatus": "pending", "proposedValue": "75", "conflictDetected": false}, "liquidation_ltv": {"sources": [{"url": "https://ledn.io/terms", "snippet": "Extracted from official source.", "lastChecked": "2026-03-05T10:23:59.961Z"}], "confidence": 0.82, "adminStatus": "pending", "proposedValue": "75", "conflictDetected": false}, "rehypothecation": {"sources": [{"url": "https://ledn.io/terms", "snippet": "Extracted from official source.", "lastChecked": "2026-03-05T10:23:59.961Z"}], "confidence": 0.82, "adminStatus": "pending", "proposedValue": "75", "conflictDetected": false}, "collateralControl": {"sources": [{"url": "https://ledn.io/terms", "snippet": "Extracted from official source.", "lastChecked": "2026-03-05T10:23:59.961Z"}], "confidence": 0.82, "adminStatus": "pending", "proposedValue": "75", "conflictDetected": false}}', NULL, 0.82, 'f', '[]', '["liquidation_ltv", "rehypothecation"]', 'APPROVED', 'evidence-pack-publish', '2026-03-05 10:24:10.582', '2026-03-05 10:23:59.963'),
('cmmdbxnx8000p1qf0quajm79n', 'cmm3szdvk000ut58a0oqgf482', '2026-03-05 10:35:28.22', '{"liquidity": {"sources": [{"url": "https://aave.com/terms", "snippet": "Extracted from official source.", "lastChecked": "2026-03-05T10:35:28.219Z"}], "confidence": 0.82, "adminStatus": "pending", "proposedValue": "91", "conflictDetected": false}, "reserveQuality": {"sources": [{"url": "https://aave.com/terms", "snippet": "Extracted from official source.", "lastChecked": "2026-03-05T10:35:28.219Z"}], "confidence": 0.82, "adminStatus": "pending", "proposedValue": "99", "conflictDetected": false}, "counterpartyRisk": {"sources": [{"url": "https://aave.com/terms", "snippet": "Extracted from official source.", "lastChecked": "2026-03-05T10:35:28.219Z"}], "confidence": 0.82, "adminStatus": "pending", "proposedValue": "60", "conflictDetected": false}, "yieldTransparency": {"sources": [{"url": "https://aave.com/terms", "snippet": "Extracted from official source.", "lastChecked": "2026-03-05T10:35:28.219Z"}], "confidence": 0.82, "adminStatus": "pending", "proposedValue": "29", "conflictDetected": false}}', NULL, 0.82, 'f', '[]', '[]', 'APPROVED', 'evidence-pack-publish', '2026-03-05 10:36:34.103', '2026-03-05 10:35:28.22'),
('cmmdcg5v9000v1qf0x4si8jyv', 'cmm3szdt70000t58axtdpb9m4', '2026-03-05 10:49:51.286', '{"trackRecord": {"sources": [{"url": "mock://official", "snippet": "Official terms and LTV 85…", "lastChecked": "2026-03-05T10:49:51.283Z"}], "confidence": 0.82, "adminStatus": "pending", "proposedValue": "9", "conflictDetected": false}, "jurisdiction": {"sources": [{"url": "mock://official", "snippet": "Official terms and LTV 85…", "lastChecked": "2026-03-05T10:49:51.283Z"}], "confidence": 0.82, "adminStatus": "pending", "proposedValue": "48", "conflictDetected": false}, "transparency": {"sources": [{"url": "mock://official", "snippet": "Official terms and LTV 85…", "lastChecked": "2026-03-05T10:49:51.283Z"}], "confidence": 0.82, "adminStatus": "pending", "proposedValue": "87", "conflictDetected": false}, "structuralRisk": {"sources": [{"url": "mock://official", "snippet": "Official terms and LTV 85…", "lastChecked": "2026-03-05T10:49:51.283Z"}], "confidence": 0.82, "adminStatus": "pending", "proposedValue": "79", "conflictDetected": false}, "liquidation_ltv": {"sources": [{"url": "mock://official", "snippet": "Official terms and LTV 85…", "lastChecked": "2026-03-05T10:49:51.283Z"}], "confidence": 0.82, "adminStatus": "pending", "proposedValue": "40", "conflictDetected": false}, "rehypothecation": {"sources": [{"url": "mock://official", "snippet": "Official terms and LTV 85…", "lastChecked": "2026-03-05T10:49:51.283Z"}], "confidence": 0.82, "adminStatus": "pending", "proposedValue": "71", "conflictDetected": false}, "collateralControl": {"sources": [{"url": "mock://official", "snippet": "Official terms and LTV 85…", "lastChecked": "2026-03-05T10:49:51.283Z"}], "confidence": 0.82, "adminStatus": "pending", "proposedValue": "17", "conflictDetected": false}}', NULL, 0.82, 'f', '[]', '["liquidation_ltv", "rehypothecation"]', 'APPROVED', 'evidence-pack-publish', '2026-03-05 10:50:04.034', '2026-03-05 10:49:51.286'),
('cmmdcybu300111qf04hc90i2j', 'cmm3szdvq000xt58apiuvmnpy', '2026-03-05 11:03:58.828', '{"liquidity": {"sources": [{"url": "https://compound.finance/terms", "snippet": "<!doctype html><html lang…", "lastChecked": "2026-03-05T11:03:58.826Z"}], "confidence": 0.82, "adminStatus": "pending", "proposedValue": "73", "conflictDetected": false}, "reserveQuality": {"sources": [{"url": "https://compound.finance/terms", "snippet": "<!doctype html><html lang…", "lastChecked": "2026-03-05T11:03:58.826Z"}], "confidence": 0.82, "adminStatus": "pending", "proposedValue": "81", "conflictDetected": false}, "counterpartyRisk": {"sources": [{"url": "https://compound.finance/terms", "snippet": "<!doctype html><html lang…", "lastChecked": "2026-03-05T11:03:58.826Z"}], "confidence": 0.82, "adminStatus": "pending", "proposedValue": "42", "conflictDetected": false}, "yieldTransparency": {"sources": [{"url": "https://compound.finance/terms", "snippet": "<!doctype html><html lang…", "lastChecked": "2026-03-05T11:03:58.826Z"}], "confidence": 0.82, "adminStatus": "pending", "proposedValue": "11", "conflictDetected": false}}', NULL, 0.82, 'f', '[]', '[]', 'APPROVED', 'evidence-pack-publish', '2026-03-05 11:04:08.218', '2026-03-05 11:03:58.828'),
('cmmddnkfa00171qf0284y0169', 'cmm3szdv7000ot58a45842tdb', '2026-03-05 11:23:36.359', '{"hv30": {"sources": [{"url": "mock://official", "snippet": "Official terms and LTV 85…", "lastChecked": "2026-03-05T11:23:36.356Z"}], "confidence": 0.82, "adminStatus": "pending", "proposedValue": "14", "conflictDetected": false}, "seniority": {"sources": [{"url": "mock://official", "snippet": "Official terms and LTV 85…", "lastChecked": "2026-03-05T11:23:36.356Z"}], "confidence": 0.82, "adminStatus": "pending", "proposedValue": "57", "conflictDetected": false}, "complexity": {"sources": [{"url": "mock://official", "snippet": "Official terms and LTV 85…", "lastChecked": "2026-03-05T11:23:36.356Z"}], "confidence": 0.82, "adminStatus": "pending", "proposedValue": "88", "conflictDetected": false}, "incomeMechanism": {"sources": [{"url": "mock://official", "snippet": "Official terms and LTV 85…", "lastChecked": "2026-03-05T11:23:36.356Z"}], "confidence": 0.82, "adminStatus": "pending", "proposedValue": "26", "conflictDetected": false}, "providerQuality": {"sources": [{"url": "mock://official", "snippet": "Official terms and LTV 85…", "lastChecked": "2026-03-05T11:23:36.356Z"}], "confidence": 0.82, "adminStatus": "pending", "proposedValue": "18", "conflictDetected": false}, "marketVolatility": {"sources": [{"url": "mock://official", "snippet": "Official terms and LTV 85…", "lastChecked": "2026-03-05T11:23:36.356Z"}], "confidence": 0.82, "adminStatus": "pending", "proposedValue": "96", "conflictDetected": false}}', NULL, 0.82, 'f', '[]', '["seniority", "hv30"]', 'APPROVED', 'evidence-pack-publish', '2026-03-05 11:23:43.979', '2026-03-05 11:23:36.359'),
('cmmdrguqu000112cbd4db7qlq', 'cmm3szdtx0003t58ar2r0vyic', '2026-03-05 17:50:17.766', '{"trackRecord": {"sources": [{"url": "https://ledn.io/terms", "snippet": "Extracted from official source.", "lastChecked": "2026-03-05T17:50:17.763Z"}], "confidence": 0.82, "adminStatus": "pending", "proposedValue": "74", "conflictDetected": false}, "jurisdiction": {"sources": [{"url": "https://ledn.io/terms", "snippet": "Extracted from official source.", "lastChecked": "2026-03-05T17:50:17.763Z"}], "confidence": 0.82, "adminStatus": "pending", "proposedValue": "12", "conflictDetected": false}, "transparency": {"sources": [{"url": "https://ledn.io/terms", "snippet": "Extracted from official source.", "lastChecked": "2026-03-05T17:50:17.763Z"}], "confidence": 0.82, "adminStatus": "pending", "proposedValue": "51", "conflictDetected": false}, "structuralRisk": {"sources": [{"url": "https://ledn.io/terms", "snippet": "Extracted from official source.", "lastChecked": "2026-03-05T17:50:17.763Z"}], "confidence": 0.82, "adminStatus": "pending", "proposedValue": "43", "conflictDetected": false}, "liquidation_ltv": {"sources": [{"url": "https://ledn.io/terms", "snippet": "Extracted from official source.", "lastChecked": "2026-03-05T17:50:17.763Z"}], "confidence": 0.82, "adminStatus": "pending", "proposedValue": "4", "conflictDetected": false}, "rehypothecation": {"sources": [{"url": "https://ledn.io/terms", "snippet": "Extracted from official source.", "lastChecked": "2026-03-05T17:50:17.763Z"}], "confidence": 0.82, "adminStatus": "pending", "proposedValue": "35", "conflictDetected": false}, "collateralControl": {"sources": [{"url": "https://ledn.io/terms", "snippet": "Extracted from official source.", "lastChecked": "2026-03-05T17:50:17.763Z"}], "confidence": 0.82, "adminStatus": "pending", "proposedValue": "82", "conflictDetected": false}}', NULL, 0.82, 't', '[]', '["liquidation_ltv", "rehypothecation"]', 'PENDING', NULL, NULL, '2026-03-05 17:50:17.766'),
('cmmdrgx5j000312cbqux2xcdb', 'cmm3szdu50006t58am5ttlb70', '2026-03-05 17:50:20.887', '{"trackRecord": {"sources": [{"url": "https://nexo.com/terms", "snippet": "<!DOCTYPE html><html clas…", "lastChecked": "2026-03-05T17:50:20.883Z"}], "confidence": 0.82, "adminStatus": "pending", "proposedValue": "81", "conflictDetected": false}, "jurisdiction": {"sources": [{"url": "https://nexo.com/terms", "snippet": "<!DOCTYPE html><html clas…", "lastChecked": "2026-03-05T17:50:20.883Z"}], "confidence": 0.82, "adminStatus": "pending", "proposedValue": "19", "conflictDetected": false}, "transparency": {"sources": [{"url": "https://nexo.com/terms", "snippet": "<!DOCTYPE html><html clas…", "lastChecked": "2026-03-05T17:50:20.883Z"}], "confidence": 0.82, "adminStatus": "pending", "proposedValue": "58", "conflictDetected": false}, "structuralRisk": {"sources": [{"url": "https://nexo.com/terms", "snippet": "<!DOCTYPE html><html clas…", "lastChecked": "2026-03-05T17:50:20.883Z"}], "confidence": 0.82, "adminStatus": "pending", "proposedValue": "50", "conflictDetected": false}, "liquidation_ltv": {"sources": [{"url": "https://nexo.com/terms", "snippet": "<!DOCTYPE html><html clas…", "lastChecked": "2026-03-05T17:50:20.883Z"}], "confidence": 0.82, "adminStatus": "pending", "proposedValue": "11", "conflictDetected": false}, "rehypothecation": {"sources": [{"url": "https://nexo.com/terms", "snippet": "<!DOCTYPE html><html clas…", "lastChecked": "2026-03-05T17:50:20.883Z"}], "confidence": 0.82, "adminStatus": "pending", "proposedValue": "42", "conflictDetected": false}, "collateralControl": {"sources": [{"url": "https://nexo.com/terms", "snippet": "<!DOCTYPE html><html clas…", "lastChecked": "2026-03-05T17:50:20.883Z"}], "confidence": 0.82, "adminStatus": "pending", "proposedValue": "89", "conflictDetected": false}}', NULL, 0.82, 'f', '[]', '["liquidation_ltv", "rehypothecation"]', 'APPROVED', 'evidence-pack-publish', '2026-03-05 19:13:07.556', '2026-03-05 17:50:20.887'),
('cmmdrgy0r000512cbdf1ypdns', 'cmm3szduo000ft58a9l9fju2v', '2026-03-05 17:50:22.011', '{"hv30": {"sources": [{"url": "https://example.com/strc/terms", "snippet": "Extracted from official source.", "lastChecked": "2026-03-05T17:50:22.010Z"}], "confidence": 0.82, "adminStatus": "pending", "proposedValue": "16", "conflictDetected": false}, "seniority": {"sources": [{"url": "https://example.com/strc/terms", "snippet": "Extracted from official source.", "lastChecked": "2026-03-05T17:50:22.010Z"}], "confidence": 0.82, "adminStatus": "pending", "proposedValue": "76", "conflictDetected": false}, "complexity": {"sources": [{"url": "https://example.com/strc/terms", "snippet": "Extracted from official source.", "lastChecked": "2026-03-05T17:50:22.010Z"}], "confidence": 0.82, "adminStatus": "pending", "proposedValue": "6", "conflictDetected": false}, "incomeMechanism": {"sources": [{"url": "https://example.com/strc/terms", "snippet": "Extracted from official source.", "lastChecked": "2026-03-05T17:50:22.010Z"}], "confidence": 0.82, "adminStatus": "pending", "proposedValue": "45", "conflictDetected": false}, "providerQuality": {"sources": [{"url": "https://example.com/strc/terms", "snippet": "Extracted from official source.", "lastChecked": "2026-03-05T17:50:22.010Z"}], "confidence": 0.82, "adminStatus": "pending", "proposedValue": "37", "conflictDetected": false}, "marketVolatility": {"sources": [{"url": "https://example.com/strc/terms", "snippet": "Extracted from official source.", "lastChecked": "2026-03-05T17:50:22.010Z"}], "confidence": 0.82, "adminStatus": "pending", "proposedValue": "14", "conflictDetected": false}}', NULL, 0.82, 't', '[]', '["seniority", "hv30"]', 'PENDING', NULL, NULL, '2026-03-05 17:50:22.011'),
('cmmdrgy62000712cbwrp0fqu2', 'cmm3szdux000it58aubjsjewp', '2026-03-05 17:50:22.202', '{"hv30": {"sources": [{"url": "https://example.com/strk/terms", "snippet": "Extracted from official source.", "lastChecked": "2026-03-05T17:50:22.199Z"}], "confidence": 0.82, "adminStatus": "pending", "proposedValue": "24", "conflictDetected": false}, "seniority": {"sources": [{"url": "https://example.com/strk/terms", "snippet": "Extracted from official source.", "lastChecked": "2026-03-05T17:50:22.199Z"}], "confidence": 0.82, "adminStatus": "pending", "proposedValue": "84", "conflictDetected": false}, "complexity": {"sources": [{"url": "https://example.com/strk/terms", "snippet": "Extracted from official source.", "lastChecked": "2026-03-05T17:50:22.199Z"}], "confidence": 0.82, "adminStatus": "pending", "proposedValue": "14", "conflictDetected": false}, "incomeMechanism": {"sources": [{"url": "https://example.com/strk/terms", "snippet": "Extracted from official source.", "lastChecked": "2026-03-05T17:50:22.199Z"}], "confidence": 0.82, "adminStatus": "pending", "proposedValue": "53", "conflictDetected": false}, "providerQuality": {"sources": [{"url": "https://example.com/strk/terms", "snippet": "Extracted from official source.", "lastChecked": "2026-03-05T17:50:22.199Z"}], "confidence": 0.82, "adminStatus": "pending", "proposedValue": "45", "conflictDetected": false}, "marketVolatility": {"sources": [{"url": "https://example.com/strk/terms", "snippet": "Extracted from official source.", "lastChecked": "2026-03-05T17:50:22.199Z"}], "confidence": 0.82, "adminStatus": "pending", "proposedValue": "22", "conflictDetected": false}}', NULL, 0.82, 't', '[]', '["seniority", "hv30"]', 'PENDING', NULL, NULL, '2026-03-05 17:50:22.202'),
('cmmdrh0q2000912cb76m3613x', 'cmm3szdvd000rt58ag0qz4vlq', '2026-03-05 17:50:25.514', '{"liquidity": {"sources": [{"url": "https://morpho.org/terms", "snippet": "Extracted from official source.", "lastChecked": "2026-03-05T17:50:25.513Z"}], "confidence": 0.82, "adminStatus": "pending", "proposedValue": "2", "conflictDetected": false}, "reserveQuality": {"sources": [{"url": "https://morpho.org/terms", "snippet": "Extracted from official source.", "lastChecked": "2026-03-05T17:50:25.513Z"}], "confidence": 0.82, "adminStatus": "pending", "proposedValue": "10", "conflictDetected": false}, "counterpartyRisk": {"sources": [{"url": "https://morpho.org/terms", "snippet": "Extracted from official source.", "lastChecked": "2026-03-05T17:50:25.513Z"}], "confidence": 0.82, "adminStatus": "pending", "proposedValue": "72", "conflictDetected": false}, "yieldTransparency": {"sources": [{"url": "https://morpho.org/terms", "snippet": "Extracted from official source.", "lastChecked": "2026-03-05T17:50:25.513Z"}], "confidence": 0.82, "adminStatus": "pending", "proposedValue": "41", "conflictDetected": false}}', NULL, 0.82, 't', '[]', '[]', 'PENDING', NULL, NULL, '2026-03-05 17:50:25.514'),
('cmmdrh3b2000b12cbqessopzq', 'cmm3szdvk000ut58a0oqgf482', '2026-03-05 17:50:28.862', '{"liquidity": {"sources": [{"url": "https://aave.com/terms", "snippet": "Extracted from official source.", "lastChecked": "2026-03-05T17:50:28.861Z"}], "confidence": 0.82, "adminStatus": "pending", "proposedValue": "91", "conflictDetected": false}, "reserveQuality": {"sources": [{"url": "https://aave.com/terms", "snippet": "Extracted from official source.", "lastChecked": "2026-03-05T17:50:28.861Z"}], "confidence": 0.82, "adminStatus": "pending", "proposedValue": "99", "conflictDetected": false}, "counterpartyRisk": {"sources": [{"url": "https://aave.com/terms", "snippet": "Extracted from official source.", "lastChecked": "2026-03-05T17:50:28.861Z"}], "confidence": 0.82, "adminStatus": "pending", "proposedValue": "60", "conflictDetected": false}, "yieldTransparency": {"sources": [{"url": "https://aave.com/terms", "snippet": "Extracted from official source.", "lastChecked": "2026-03-05T17:50:28.861Z"}], "confidence": 0.82, "adminStatus": "pending", "proposedValue": "29", "conflictDetected": false}}', NULL, 0.82, 't', '[]', '[]', 'PENDING', NULL, NULL, '2026-03-05 17:50:28.862'),
('cmmdrh5b0000d12cbe05hceym', 'cmm3szdvq000xt58apiuvmnpy', '2026-03-05 17:50:31.439', '{"liquidity": {"sources": [{"url": "https://compound.finance/terms", "snippet": "<!doctype html><html lang…", "lastChecked": "2026-03-05T17:50:31.436Z"}], "confidence": 0.82, "adminStatus": "pending", "proposedValue": "73", "conflictDetected": false}, "reserveQuality": {"sources": [{"url": "https://compound.finance/terms", "snippet": "<!doctype html><html lang…", "lastChecked": "2026-03-05T17:50:31.436Z"}], "confidence": 0.82, "adminStatus": "pending", "proposedValue": "81", "conflictDetected": false}, "counterpartyRisk": {"sources": [{"url": "https://compound.finance/terms", "snippet": "<!doctype html><html lang…", "lastChecked": "2026-03-05T17:50:31.436Z"}], "confidence": 0.82, "adminStatus": "pending", "proposedValue": "42", "conflictDetected": false}, "yieldTransparency": {"sources": [{"url": "https://compound.finance/terms", "snippet": "<!doctype html><html lang…", "lastChecked": "2026-03-05T17:50:31.436Z"}], "confidence": 0.82, "adminStatus": "pending", "proposedValue": "11", "conflictDetected": false}}', NULL, 0.82, 't', '[]', '[]', 'PENDING', NULL, NULL, '2026-03-05 17:50:31.439'),
('cmmdrh6ke000f12cb6jgopb1q', 'cmmdrbji20002erp58ffijkuc', '2026-03-05 17:50:33.087', '{"trackRecord": {"sources": [{"url": "https://www.aminabank.com/terms", "snippet": "Extracted from official source.", "lastChecked": "2026-03-05T17:50:33.085Z"}], "confidence": 0.82, "adminStatus": "pending", "proposedValue": "61", "conflictDetected": false}, "jurisdiction": {"sources": [{"url": "https://www.aminabank.com/terms", "snippet": "Extracted from official source.", "lastChecked": "2026-03-05T17:50:33.085Z"}], "confidence": 0.82, "adminStatus": "pending", "proposedValue": "100", "conflictDetected": false}, "transparency": {"sources": [{"url": "https://www.aminabank.com/terms", "snippet": "Extracted from official source.", "lastChecked": "2026-03-05T17:50:33.085Z"}], "confidence": 0.82, "adminStatus": "pending", "proposedValue": "38", "conflictDetected": false}, "structuralRisk": {"sources": [{"url": "https://www.aminabank.com/terms", "snippet": "Extracted from official source.", "lastChecked": "2026-03-05T17:50:33.085Z"}], "confidence": 0.82, "adminStatus": "pending", "proposedValue": "30", "conflictDetected": false}, "liquidation_ltv": {"sources": [{"url": "https://www.aminabank.com/terms", "snippet": "Extracted from official source.", "lastChecked": "2026-03-05T17:50:33.085Z"}], "confidence": 0.82, "adminStatus": "pending", "proposedValue": "92", "conflictDetected": false}, "rehypothecation": {"sources": [{"url": "https://www.aminabank.com/terms", "snippet": "Extracted from official source.", "lastChecked": "2026-03-05T17:50:33.085Z"}], "confidence": 0.82, "adminStatus": "pending", "proposedValue": "22", "conflictDetected": false}, "collateralControl": {"sources": [{"url": "https://www.aminabank.com/terms", "snippet": "Extracted from official source.", "lastChecked": "2026-03-05T17:50:33.085Z"}], "confidence": 0.82, "adminStatus": "pending", "proposedValue": "69", "conflictDetected": false}}', NULL, 0.82, 't', '[]', '["liquidation_ltv", "rehypothecation"]', 'PENDING', NULL, NULL, '2026-03-05 17:50:33.087'),
('cmmdrh7gs000h12cb56np16mx', 'cmmdrbjin0007erp5sxzgge34', '2026-03-05 17:50:34.252', '{"trackRecord": {"sources": [{"url": "https://www.sygnum.com/terms", "snippet": "Extracted from official source.", "lastChecked": "2026-03-05T17:50:34.251Z"}], "confidence": 0.82, "adminStatus": "pending", "proposedValue": "75", "conflictDetected": false}, "jurisdiction": {"sources": [{"url": "https://www.sygnum.com/terms", "snippet": "Extracted from official source.", "lastChecked": "2026-03-05T17:50:34.251Z"}], "confidence": 0.82, "adminStatus": "pending", "proposedValue": "13", "conflictDetected": false}, "transparency": {"sources": [{"url": "https://www.sygnum.com/terms", "snippet": "Extracted from official source.", "lastChecked": "2026-03-05T17:50:34.251Z"}], "confidence": 0.82, "adminStatus": "pending", "proposedValue": "52", "conflictDetected": false}, "structuralRisk": {"sources": [{"url": "https://www.sygnum.com/terms", "snippet": "Extracted from official source.", "lastChecked": "2026-03-05T17:50:34.251Z"}], "confidence": 0.82, "adminStatus": "pending", "proposedValue": "44", "conflictDetected": false}, "liquidation_ltv": {"sources": [{"url": "https://www.sygnum.com/terms", "snippet": "Extracted from official source.", "lastChecked": "2026-03-05T17:50:34.251Z"}], "confidence": 0.82, "adminStatus": "pending", "proposedValue": "5", "conflictDetected": false}, "rehypothecation": {"sources": [{"url": "https://www.sygnum.com/terms", "snippet": "Extracted from official source.", "lastChecked": "2026-03-05T17:50:34.251Z"}], "confidence": 0.82, "adminStatus": "pending", "proposedValue": "36", "conflictDetected": false}, "collateralControl": {"sources": [{"url": "https://www.sygnum.com/terms", "snippet": "Extracted from official source.", "lastChecked": "2026-03-05T17:50:34.251Z"}], "confidence": 0.82, "adminStatus": "pending", "proposedValue": "83", "conflictDetected": false}}', NULL, 0.82, 't', '[]', '["liquidation_ltv", "rehypothecation"]', 'PENDING', NULL, NULL, '2026-03-05 17:50:34.252'),
('cmmdrhdbn000j12cb8n5t7azy', 'cmmdrbjiz000cerp5efjpih2n', '2026-03-05 17:50:41.843', '{"trackRecord": {"sources": [{"url": "https://xapo.com/terms", "snippet": "Extracted from official source.", "lastChecked": "2026-03-05T17:50:41.842Z"}], "confidence": 0.82, "adminStatus": "pending", "proposedValue": "90", "conflictDetected": false}, "jurisdiction": {"sources": [{"url": "https://xapo.com/terms", "snippet": "Extracted from official source.", "lastChecked": "2026-03-05T17:50:41.842Z"}], "confidence": 0.82, "adminStatus": "pending", "proposedValue": "28", "conflictDetected": false}, "transparency": {"sources": [{"url": "https://xapo.com/terms", "snippet": "Extracted from official source.", "lastChecked": "2026-03-05T17:50:41.842Z"}], "confidence": 0.82, "adminStatus": "pending", "proposedValue": "67", "conflictDetected": false}, "structuralRisk": {"sources": [{"url": "https://xapo.com/terms", "snippet": "Extracted from official source.", "lastChecked": "2026-03-05T17:50:41.842Z"}], "confidence": 0.82, "adminStatus": "pending", "proposedValue": "59", "conflictDetected": false}, "liquidation_ltv": {"sources": [{"url": "https://xapo.com/terms", "snippet": "Extracted from official source.", "lastChecked": "2026-03-05T17:50:41.842Z"}], "confidence": 0.82, "adminStatus": "pending", "proposedValue": "20", "conflictDetected": false}, "rehypothecation": {"sources": [{"url": "https://xapo.com/terms", "snippet": "Extracted from official source.", "lastChecked": "2026-03-05T17:50:41.842Z"}], "confidence": 0.82, "adminStatus": "pending", "proposedValue": "51", "conflictDetected": false}, "collateralControl": {"sources": [{"url": "https://xapo.com/terms", "snippet": "Extracted from official source.", "lastChecked": "2026-03-05T17:50:41.842Z"}], "confidence": 0.82, "adminStatus": "pending", "proposedValue": "98", "conflictDetected": false}}', NULL, 0.82, 't', '[]', '["liquidation_ltv", "rehypothecation"]', 'PENDING', NULL, NULL, '2026-03-05 17:50:41.843'),
('cmmdrjn6q000110nn9n3gtkke', 'cmm3szdtx0003t58ar2r0vyic', '2026-03-05 17:52:27.938', '{"trackRecord": {"sources": [{"url": "https://ledn.io/terms", "snippet": "Extracted from official source.", "lastChecked": "2026-03-05T17:52:27.932Z"}], "confidence": 0.82, "adminStatus": "pending", "proposedValue": "74", "conflictDetected": false}, "jurisdiction": {"sources": [{"url": "https://ledn.io/terms", "snippet": "Extracted from official source.", "lastChecked": "2026-03-05T17:52:27.932Z"}], "confidence": 0.82, "adminStatus": "pending", "proposedValue": "12", "conflictDetected": false}, "transparency": {"sources": [{"url": "https://ledn.io/terms", "snippet": "Extracted from official source.", "lastChecked": "2026-03-05T17:52:27.932Z"}], "confidence": 0.82, "adminStatus": "pending", "proposedValue": "51", "conflictDetected": false}, "structuralRisk": {"sources": [{"url": "https://ledn.io/terms", "snippet": "Extracted from official source.", "lastChecked": "2026-03-05T17:52:27.932Z"}], "confidence": 0.82, "adminStatus": "pending", "proposedValue": "43", "conflictDetected": false}, "liquidation_ltv": {"sources": [{"url": "https://ledn.io/terms", "snippet": "Extracted from official source.", "lastChecked": "2026-03-05T17:52:27.932Z"}], "confidence": 0.82, "adminStatus": "pending", "proposedValue": "4", "conflictDetected": false}, "rehypothecation": {"sources": [{"url": "https://ledn.io/terms", "snippet": "Extracted from official source.", "lastChecked": "2026-03-05T17:52:27.932Z"}], "confidence": 0.82, "adminStatus": "pending", "proposedValue": "35", "conflictDetected": false}, "collateralControl": {"sources": [{"url": "https://ledn.io/terms", "snippet": "Extracted from official source.", "lastChecked": "2026-03-05T17:52:27.932Z"}], "confidence": 0.82, "adminStatus": "pending", "proposedValue": "82", "conflictDetected": false}}', NULL, 0.82, 't', '[]', '["liquidation_ltv", "rehypothecation"]', 'PENDING', NULL, NULL, '2026-03-05 17:52:27.938'),
('cmmdrjosq000310nnxv5e2kb2', 'cmm3szdu50006t58am5ttlb70', '2026-03-05 17:52:30.026', '{"trackRecord": {"sources": [{"url": "https://nexo.com/terms", "snippet": "<!DOCTYPE html><html clas…", "lastChecked": "2026-03-05T17:52:30.024Z"}], "confidence": 0.82, "adminStatus": "pending", "proposedValue": "81", "conflictDetected": false}, "jurisdiction": {"sources": [{"url": "https://nexo.com/terms", "snippet": "<!DOCTYPE html><html clas…", "lastChecked": "2026-03-05T17:52:30.024Z"}], "confidence": 0.82, "adminStatus": "pending", "proposedValue": "19", "conflictDetected": false}, "transparency": {"sources": [{"url": "https://nexo.com/terms", "snippet": "<!DOCTYPE html><html clas…", "lastChecked": "2026-03-05T17:52:30.024Z"}], "confidence": 0.82, "adminStatus": "pending", "proposedValue": "58", "conflictDetected": false}, "structuralRisk": {"sources": [{"url": "https://nexo.com/terms", "snippet": "<!DOCTYPE html><html clas…", "lastChecked": "2026-03-05T17:52:30.024Z"}], "confidence": 0.82, "adminStatus": "pending", "proposedValue": "50", "conflictDetected": false}, "liquidation_ltv": {"sources": [{"url": "https://nexo.com/terms", "snippet": "<!DOCTYPE html><html clas…", "lastChecked": "2026-03-05T17:52:30.024Z"}], "confidence": 0.82, "adminStatus": "pending", "proposedValue": "11", "conflictDetected": false}, "rehypothecation": {"sources": [{"url": "https://nexo.com/terms", "snippet": "<!DOCTYPE html><html clas…", "lastChecked": "2026-03-05T17:52:30.024Z"}], "confidence": 0.82, "adminStatus": "pending", "proposedValue": "42", "conflictDetected": false}, "collateralControl": {"sources": [{"url": "https://nexo.com/terms", "snippet": "<!DOCTYPE html><html clas…", "lastChecked": "2026-03-05T17:52:30.024Z"}], "confidence": 0.82, "adminStatus": "pending", "proposedValue": "89", "conflictDetected": false}}', NULL, 0.82, 't', '[]', '["liquidation_ltv", "rehypothecation"]', 'PENDING', NULL, NULL, '2026-03-05 17:52:30.026'),
('cmmdrjp8z000510nnct0thftv', 'cmm3szduo000ft58a9l9fju2v', '2026-03-05 17:52:30.611', '{"hv30": {"sources": [{"url": "https://example.com/strc/terms", "snippet": "Extracted from official source.", "lastChecked": "2026-03-05T17:52:30.610Z"}], "confidence": 0.82, "adminStatus": "pending", "proposedValue": "16", "conflictDetected": false}, "seniority": {"sources": [{"url": "https://example.com/strc/terms", "snippet": "Extracted from official source.", "lastChecked": "2026-03-05T17:52:30.610Z"}], "confidence": 0.82, "adminStatus": "pending", "proposedValue": "76", "conflictDetected": false}, "complexity": {"sources": [{"url": "https://example.com/strc/terms", "snippet": "Extracted from official source.", "lastChecked": "2026-03-05T17:52:30.610Z"}], "confidence": 0.82, "adminStatus": "pending", "proposedValue": "6", "conflictDetected": false}, "incomeMechanism": {"sources": [{"url": "https://example.com/strc/terms", "snippet": "Extracted from official source.", "lastChecked": "2026-03-05T17:52:30.610Z"}], "confidence": 0.82, "adminStatus": "pending", "proposedValue": "45", "conflictDetected": false}, "providerQuality": {"sources": [{"url": "https://example.com/strc/terms", "snippet": "Extracted from official source.", "lastChecked": "2026-03-05T17:52:30.610Z"}], "confidence": 0.82, "adminStatus": "pending", "proposedValue": "37", "conflictDetected": false}, "marketVolatility": {"sources": [{"url": "https://example.com/strc/terms", "snippet": "Extracted from official source.", "lastChecked": "2026-03-05T17:52:30.610Z"}], "confidence": 0.82, "adminStatus": "pending", "proposedValue": "14", "conflictDetected": false}}', NULL, 0.82, 't', '[]', '["seniority", "hv30"]', 'PENDING', NULL, NULL, '2026-03-05 17:52:30.611'),
('cmmdrjpej000710nn5nphx3es', 'cmm3szdux000it58aubjsjewp', '2026-03-05 17:52:30.812', '{"hv30": {"sources": [{"url": "https://example.com/strk/terms", "snippet": "Extracted from official source.", "lastChecked": "2026-03-05T17:52:30.810Z"}], "confidence": 0.82, "adminStatus": "pending", "proposedValue": "24", "conflictDetected": false}, "seniority": {"sources": [{"url": "https://example.com/strk/terms", "snippet": "Extracted from official source.", "lastChecked": "2026-03-05T17:52:30.810Z"}], "confidence": 0.82, "adminStatus": "pending", "proposedValue": "84", "conflictDetected": false}, "complexity": {"sources": [{"url": "https://example.com/strk/terms", "snippet": "Extracted from official source.", "lastChecked": "2026-03-05T17:52:30.810Z"}], "confidence": 0.82, "adminStatus": "pending", "proposedValue": "14", "conflictDetected": false}, "incomeMechanism": {"sources": [{"url": "https://example.com/strk/terms", "snippet": "Extracted from official source.", "lastChecked": "2026-03-05T17:52:30.810Z"}], "confidence": 0.82, "adminStatus": "pending", "proposedValue": "53", "conflictDetected": false}, "providerQuality": {"sources": [{"url": "https://example.com/strk/terms", "snippet": "Extracted from official source.", "lastChecked": "2026-03-05T17:52:30.810Z"}], "confidence": 0.82, "adminStatus": "pending", "proposedValue": "45", "conflictDetected": false}, "marketVolatility": {"sources": [{"url": "https://example.com/strk/terms", "snippet": "Extracted from official source.", "lastChecked": "2026-03-05T17:52:30.810Z"}], "confidence": 0.82, "adminStatus": "pending", "proposedValue": "22", "conflictDetected": false}}', NULL, 0.82, 't', '[]', '["seniority", "hv30"]', 'PENDING', NULL, NULL, '2026-03-05 17:52:30.812'),
('cmmdrjqtc000910nnmeoa8t46', 'cmm3szdvd000rt58ag0qz4vlq', '2026-03-05 17:52:32.639', '{"liquidity": {"sources": [{"url": "https://morpho.org/terms", "snippet": "Extracted from official source.", "lastChecked": "2026-03-05T17:52:32.638Z"}], "confidence": 0.82, "adminStatus": "pending", "proposedValue": "2", "conflictDetected": false}, "reserveQuality": {"sources": [{"url": "https://morpho.org/terms", "snippet": "Extracted from official source.", "lastChecked": "2026-03-05T17:52:32.638Z"}], "confidence": 0.82, "adminStatus": "pending", "proposedValue": "10", "conflictDetected": false}, "counterpartyRisk": {"sources": [{"url": "https://morpho.org/terms", "snippet": "Extracted from official source.", "lastChecked": "2026-03-05T17:52:32.638Z"}], "confidence": 0.82, "adminStatus": "pending", "proposedValue": "72", "conflictDetected": false}, "yieldTransparency": {"sources": [{"url": "https://morpho.org/terms", "snippet": "Extracted from official source.", "lastChecked": "2026-03-05T17:52:32.638Z"}], "confidence": 0.82, "adminStatus": "pending", "proposedValue": "41", "conflictDetected": false}}', NULL, 0.82, 't', '[]', '[]', 'PENDING', NULL, NULL, '2026-03-05 17:52:32.639'),
('cmmdrjskj000b10nngqfsjs72', 'cmm3szdvk000ut58a0oqgf482', '2026-03-05 17:52:34.915', '{"liquidity": {"sources": [{"url": "https://aave.com/terms", "snippet": "Extracted from official source.", "lastChecked": "2026-03-05T17:52:34.914Z"}], "confidence": 0.82, "adminStatus": "pending", "proposedValue": "91", "conflictDetected": false}, "reserveQuality": {"sources": [{"url": "https://aave.com/terms", "snippet": "Extracted from official source.", "lastChecked": "2026-03-05T17:52:34.914Z"}], "confidence": 0.82, "adminStatus": "pending", "proposedValue": "99", "conflictDetected": false}, "counterpartyRisk": {"sources": [{"url": "https://aave.com/terms", "snippet": "Extracted from official source.", "lastChecked": "2026-03-05T17:52:34.914Z"}], "confidence": 0.82, "adminStatus": "pending", "proposedValue": "60", "conflictDetected": false}, "yieldTransparency": {"sources": [{"url": "https://aave.com/terms", "snippet": "Extracted from official source.", "lastChecked": "2026-03-05T17:52:34.914Z"}], "confidence": 0.82, "adminStatus": "pending", "proposedValue": "29", "conflictDetected": false}}', NULL, 0.82, 't', '[]', '[]', 'PENDING', NULL, NULL, '2026-03-05 17:52:34.915'),
('cmmdrjue1000d10nn6nnv4vrz', 'cmm3szdvq000xt58apiuvmnpy', '2026-03-05 17:52:37.273', '{"liquidity": {"sources": [{"url": "https://compound.finance/terms", "snippet": "<!doctype html><html lang…", "lastChecked": "2026-03-05T17:52:37.272Z"}], "confidence": 0.82, "adminStatus": "pending", "proposedValue": "73", "conflictDetected": false}, "reserveQuality": {"sources": [{"url": "https://compound.finance/terms", "snippet": "<!doctype html><html lang…", "lastChecked": "2026-03-05T17:52:37.272Z"}], "confidence": 0.82, "adminStatus": "pending", "proposedValue": "81", "conflictDetected": false}, "counterpartyRisk": {"sources": [{"url": "https://compound.finance/terms", "snippet": "<!doctype html><html lang…", "lastChecked": "2026-03-05T17:52:37.272Z"}], "confidence": 0.82, "adminStatus": "pending", "proposedValue": "42", "conflictDetected": false}, "yieldTransparency": {"sources": [{"url": "https://compound.finance/terms", "snippet": "<!doctype html><html lang…", "lastChecked": "2026-03-05T17:52:37.272Z"}], "confidence": 0.82, "adminStatus": "pending", "proposedValue": "11", "conflictDetected": false}}', NULL, 0.82, 't', '[]', '[]', 'PENDING', NULL, NULL, '2026-03-05 17:52:37.273'),
('cmmdrjvk4000f10nnbvwx4zjc', 'cmmdrbji20002erp58ffijkuc', '2026-03-05 17:52:38.786', '{"trackRecord": {"sources": [{"url": "https://www.aminabank.com/terms", "snippet": "Extracted from official source.", "lastChecked": "2026-03-05T17:52:38.784Z"}], "confidence": 0.82, "adminStatus": "pending", "proposedValue": "61", "conflictDetected": false}, "jurisdiction": {"sources": [{"url": "https://www.aminabank.com/terms", "snippet": "Extracted from official source.", "lastChecked": "2026-03-05T17:52:38.784Z"}], "confidence": 0.82, "adminStatus": "pending", "proposedValue": "100", "conflictDetected": false}, "transparency": {"sources": [{"url": "https://www.aminabank.com/terms", "snippet": "Extracted from official source.", "lastChecked": "2026-03-05T17:52:38.784Z"}], "confidence": 0.82, "adminStatus": "pending", "proposedValue": "38", "conflictDetected": false}, "structuralRisk": {"sources": [{"url": "https://www.aminabank.com/terms", "snippet": "Extracted from official source.", "lastChecked": "2026-03-05T17:52:38.784Z"}], "confidence": 0.82, "adminStatus": "pending", "proposedValue": "30", "conflictDetected": false}, "liquidation_ltv": {"sources": [{"url": "https://www.aminabank.com/terms", "snippet": "Extracted from official source.", "lastChecked": "2026-03-05T17:52:38.784Z"}], "confidence": 0.82, "adminStatus": "pending", "proposedValue": "92", "conflictDetected": false}, "rehypothecation": {"sources": [{"url": "https://www.aminabank.com/terms", "snippet": "Extracted from official source.", "lastChecked": "2026-03-05T17:52:38.784Z"}], "confidence": 0.82, "adminStatus": "pending", "proposedValue": "22", "conflictDetected": false}, "collateralControl": {"sources": [{"url": "https://www.aminabank.com/terms", "snippet": "Extracted from official source.", "lastChecked": "2026-03-05T17:52:38.784Z"}], "confidence": 0.82, "adminStatus": "pending", "proposedValue": "69", "conflictDetected": false}}', NULL, 0.82, 't', '[]', '["liquidation_ltv", "rehypothecation"]', 'PENDING', NULL, NULL, '2026-03-05 17:52:38.786'),
('cmmdrjwf7000h10nnwf1o1l1c', 'cmmdrbjin0007erp5sxzgge34', '2026-03-05 17:52:39.907', '{"trackRecord": {"sources": [{"url": "https://www.sygnum.com/terms", "snippet": "Extracted from official source.", "lastChecked": "2026-03-05T17:52:39.905Z"}], "confidence": 0.82, "adminStatus": "pending", "proposedValue": "75", "conflictDetected": false}, "jurisdiction": {"sources": [{"url": "https://www.sygnum.com/terms", "snippet": "Extracted from official source.", "lastChecked": "2026-03-05T17:52:39.905Z"}], "confidence": 0.82, "adminStatus": "pending", "proposedValue": "13", "conflictDetected": false}, "transparency": {"sources": [{"url": "https://www.sygnum.com/terms", "snippet": "Extracted from official source.", "lastChecked": "2026-03-05T17:52:39.905Z"}], "confidence": 0.82, "adminStatus": "pending", "proposedValue": "52", "conflictDetected": false}, "structuralRisk": {"sources": [{"url": "https://www.sygnum.com/terms", "snippet": "Extracted from official source.", "lastChecked": "2026-03-05T17:52:39.905Z"}], "confidence": 0.82, "adminStatus": "pending", "proposedValue": "44", "conflictDetected": false}, "liquidation_ltv": {"sources": [{"url": "https://www.sygnum.com/terms", "snippet": "Extracted from official source.", "lastChecked": "2026-03-05T17:52:39.905Z"}], "confidence": 0.82, "adminStatus": "pending", "proposedValue": "5", "conflictDetected": false}, "rehypothecation": {"sources": [{"url": "https://www.sygnum.com/terms", "snippet": "Extracted from official source.", "lastChecked": "2026-03-05T17:52:39.905Z"}], "confidence": 0.82, "adminStatus": "pending", "proposedValue": "36", "conflictDetected": false}, "collateralControl": {"sources": [{"url": "https://www.sygnum.com/terms", "snippet": "Extracted from official source.", "lastChecked": "2026-03-05T17:52:39.905Z"}], "confidence": 0.82, "adminStatus": "pending", "proposedValue": "83", "conflictDetected": false}}', NULL, 0.82, 't', '[]', '["liquidation_ltv", "rehypothecation"]', 'PENDING', NULL, NULL, '2026-03-05 17:52:39.907'),
('cmmdrk10x000j10nnki5qn08q', 'cmmdrbjiz000cerp5efjpih2n', '2026-03-05 17:52:45.873', '{"trackRecord": {"sources": [{"url": "https://xapo.com/terms", "snippet": "Extracted from official source.", "lastChecked": "2026-03-05T17:52:45.872Z"}], "confidence": 0.82, "adminStatus": "pending", "proposedValue": "90", "conflictDetected": false}, "jurisdiction": {"sources": [{"url": "https://xapo.com/terms", "snippet": "Extracted from official source.", "lastChecked": "2026-03-05T17:52:45.872Z"}], "confidence": 0.82, "adminStatus": "pending", "proposedValue": "28", "conflictDetected": false}, "transparency": {"sources": [{"url": "https://xapo.com/terms", "snippet": "Extracted from official source.", "lastChecked": "2026-03-05T17:52:45.872Z"}], "confidence": 0.82, "adminStatus": "pending", "proposedValue": "67", "conflictDetected": false}, "structuralRisk": {"sources": [{"url": "https://xapo.com/terms", "snippet": "Extracted from official source.", "lastChecked": "2026-03-05T17:52:45.872Z"}], "confidence": 0.82, "adminStatus": "pending", "proposedValue": "59", "conflictDetected": false}, "liquidation_ltv": {"sources": [{"url": "https://xapo.com/terms", "snippet": "Extracted from official source.", "lastChecked": "2026-03-05T17:52:45.872Z"}], "confidence": 0.82, "adminStatus": "pending", "proposedValue": "20", "conflictDetected": false}, "rehypothecation": {"sources": [{"url": "https://xapo.com/terms", "snippet": "Extracted from official source.", "lastChecked": "2026-03-05T17:52:45.872Z"}], "confidence": 0.82, "adminStatus": "pending", "proposedValue": "51", "conflictDetected": false}, "collateralControl": {"sources": [{"url": "https://xapo.com/terms", "snippet": "Extracted from official source.", "lastChecked": "2026-03-05T17:52:45.872Z"}], "confidence": 0.82, "adminStatus": "pending", "proposedValue": "98", "conflictDetected": false}}', NULL, 0.82, 't', '[]', '["liquidation_ltv", "rehypothecation"]', 'PENDING', NULL, NULL, '2026-03-05 17:52:45.873');

INSERT INTO "public"."SuitabilitySnapshot" ("id", "dccVersion", "plannerModule", "generatedAt", "dataAsOf", "inputs", "allocation", "outputs", "riskNotes", "disclaimers", "provenance", "clientName", "riskPreference", "advisorPlatform", "advisorPushStatus", "advisorPlatformRef", "pdfPath", "createdAt", "userId") VALUES
('129913fb-6220-4fff-9b90-7bc60c866cc5', '1.0', '1C', '2026-03-07 13:54:19.433', '2026-03-07 13:54:19.433', '{"inputs": {"mode": "guided", "capital": 500000, "cefiPct": 70, "defiPct": 30, "selectedProto": "USDC", "durationMonths": 6}, "module": "1C", "results": {"totalMax": 19000, "totalMin": 14000, "annualMax": 38000, "annualMin": 28000, "monthlyMax": 3166.666666666667, "monthlyMin": 2333.333333333333}, "savedAt": "2026-03-07T13:54:19.165Z", "providers": [{"apy": "7–9%", "name": "Morpho USDC", "score": 79, "category": "DeFi", "weightPct": 100, "multiplier": 0.93, "adjustedScore": 73.5}, {"apy": "6–8%", "name": "Aave USDC", "score": 76, "category": "DeFi", "weightPct": 0, "multiplier": 0.93, "adjustedScore": 70.7}, {"apy": "5–7%", "name": "Ledn USDC", "score": 72, "category": "CeFi", "weightPct": 100, "multiplier": 0.93, "adjustedScore": 67}, {"apy": "4–6%", "name": "Nexo USDC", "score": 70, "category": "CeFi", "weightPct": 0, "multiplier": 0.93, "adjustedScore": 65.1}]}', '[]', '{"source": "planner", "generatedAt": "2026-03-07T13:54:19.433Z", "plannerModule": "1C"}', '[]', '[]', '{"source": "planner"}', 'Henri-Mill FETCHOUANG', 'Moderate', NULL, NULL, NULL, NULL, '2026-03-07 13:54:19.435', 'cmmdrxbeg0001eqlxxz93ljw4'),
('1cc2ecfb-dd55-4906-997f-12be887adb05', '1.0', '1A', '2026-03-07 13:24:59.867', '2026-03-07 13:24:59.867', '{"inputs": {"apr": 7.000000000000001, "ltv": 50, "btcPrice": 97400, "totalNeed12m": 120000, "durationMonths": 3, "liquidationLtv": 85}, "module": "1A", "results": {"sri": 34.6, "riskBand": "GREEN", "totalCost": 122100, "btcRequired": 2.464065708418891, "collateralUSD": 240000, "monthlyTarget": 10000, "totalInterest": 2100, "marginCallPrice": 64933.33333333333, "liquidationPrice": 57294.11764705882}, "savedAt": "2026-03-07T13:24:59.527Z", "yieldBoard": [{"apy": "6.0–8.0%", "name": "AMINA Bank", "score": 81, "multiplier": 0.97, "adjustedScore": 78.6}, {"apy": "5.0–7.0%", "name": "Sygnum", "score": 79, "multiplier": 0.97, "adjustedScore": 76.6}, {"apy": "8.0–10.0%", "name": "Ledn", "score": 78, "multiplier": 0.97, "adjustedScore": 75.7}, {"apy": "4.0–6.0%", "name": "Xapo", "score": 77, "multiplier": 0.97, "adjustedScore": 74.7}, {"apy": "5.0–7.0%", "name": "Unchained", "score": 76, "multiplier": 0.97, "adjustedScore": 73.7}], "selectedProviderApy": "6.0–8.0%", "selectedProviderName": "AMINA Bank", "selectedProviderApyMax": 8, "selectedProviderApyMin": 6, "selectedProviderCriteria": {"trackRecord": 80, "jurisdiction": 85, "transparency": 82, "structuralRisk": 78, "collateralControl": 80}}', '[]', '{"source": "planner", "generatedAt": "2026-03-07T13:24:59.867Z", "plannerModule": "1A"}', '[]', '[]', '{"source": "planner"}', 'Henri-Mill FETCHOUANG', 'Moderate', NULL, NULL, NULL, NULL, '2026-03-07 13:24:59.868', NULL),
('3f6ddffc-bf7e-494e-87c7-3ad64c9fbf9c', '1.0', '1B', '2026-03-10 09:24:30.197', '2026-03-10 09:24:30.197', '{"inputs": {"mode": "guided", "capital": 250000, "durationMonths": 12, "selectedTickers": ["strc", "strk", "strf"]}, "module": "1B", "results": {"totalMax": 25000, "totalMin": 17500, "annualMax": 25000, "annualMin": 17500, "monthlyMax": 2083.333333333333, "monthlyMin": 1458.333333333333}, "savedAt": "2026-03-10T09:24:30.142Z", "blendedApy": {"max": 10, "min": 7}, "instruments": [{"hv30": 28, "name": "STRC", "ticker": "strc", "dccScore": 62, "riskBand": "MEDIUM", "multiplier": 0.87, "apyEstimate": 7, "adjustedScore": 53.9}, {"hv30": 28, "name": "STRK", "ticker": "strk", "dccScore": 59, "riskBand": "ELEVATED", "multiplier": 0.87, "apyEstimate": 8, "adjustedScore": 51.3}, {"hv30": 28, "name": "STRF", "ticker": "strf", "dccScore": 55, "riskBand": "ELEVATED", "multiplier": 0.87, "apyEstimate": 10, "adjustedScore": 47.9}], "allocationWeights": {"strc": 60, "strf": 20, "strk": 20}}', '[]', '{"source": "planner", "generatedAt": "2026-03-10T09:24:30.197Z", "plannerModule": "1B"}', '[]', '[]', '{"source": "planner"}', 'Henri-Mill FETCHOUANG', 'Moderate', NULL, NULL, NULL, NULL, '2026-03-10 09:24:30.199', 'cmmdrxbeg0001eqlxxz93ljw4'),
('9e1a53ec-3ae7-4c22-a42b-b5bb3948c9e2', '1.0', '1A', '2026-03-10 09:23:33.256', '2026-03-10 09:23:33.256', '{"inputs": {"apr": 7.000000000000001, "ltv": 50, "btcPrice": 97400, "totalNeed12m": 120000, "durationMonths": 24, "liquidationLtv": 85}, "module": "1A", "results": {"sri": 34.6, "riskBand": "GREEN", "totalCost": 136800, "btcRequired": 2.464065708418891, "collateralUSD": 240000, "monthlyTarget": 10000, "totalInterest": 16800, "marginCallPrice": 64933.33333333333, "liquidationPrice": 57294.11764705882}, "savedAt": "2026-03-10T09:23:32.953Z", "yieldBoard": [{"apy": "6.0–8.0%", "name": "AMINA Bank", "score": 81, "multiplier": 0.8, "adjustedScore": 64.8}, {"apy": "5.0–7.0%", "name": "Sygnum", "score": 79, "multiplier": 0.8, "adjustedScore": 63.2}, {"apy": "8.0–10.0%", "name": "Ledn", "score": 78, "multiplier": 0.8, "adjustedScore": 62.4}, {"apy": "4.0–6.0%", "name": "Xapo", "score": 77, "multiplier": 0.8, "adjustedScore": 61.6}, {"apy": "5.0–7.0%", "name": "Unchained", "score": 76, "multiplier": 0.8, "adjustedScore": 60.8}], "selectedProviderApy": "6.0–8.0%", "selectedProviderName": "AMINA Bank", "selectedProviderApyMax": 8, "selectedProviderApyMin": 6, "selectedProviderCriteria": {"trackRecord": 80, "jurisdiction": 85, "transparency": 82, "structuralRisk": 78, "collateralControl": 80}}', '[]', '{"source": "planner", "generatedAt": "2026-03-10T09:23:33.256Z", "plannerModule": "1A"}', '[]', '[]', '{"source": "planner"}', 'Henri-Mill FETCHOUANG', 'Moderate', NULL, NULL, NULL, NULL, '2026-03-10 09:23:33.257', 'cmmdrxbeg0001eqlxxz93ljw4'),
('ac9f964c-da29-4b65-b977-da137f7d4e6f', '1.0', '1C', '2026-03-10 09:24:38.534', '2026-03-10 09:24:38.534', '{"inputs": {"mode": "guided", "capital": 500000, "cefiPct": 70, "defiPct": 30, "selectedProto": "USDC", "durationMonths": 6}, "module": "1C", "results": {"totalMax": 19000, "totalMin": 14000, "annualMax": 38000, "annualMin": 28000, "monthlyMax": 3166.666666666667, "monthlyMin": 2333.333333333333}, "savedAt": "2026-03-10T09:24:38.497Z", "providers": [{"apy": "7–9%", "name": "Morpho USDC", "score": 79, "category": "DeFi", "weightPct": 100, "multiplier": 0.93, "adjustedScore": 73.5}, {"apy": "6–8%", "name": "Aave USDC", "score": 76, "category": "DeFi", "weightPct": 0, "multiplier": 0.93, "adjustedScore": 70.7}, {"apy": "5–7%", "name": "Ledn USDC", "score": 72, "category": "CeFi", "weightPct": 100, "multiplier": 0.93, "adjustedScore": 67}, {"apy": "4–6%", "name": "Nexo USDC", "score": 70, "category": "CeFi", "weightPct": 0, "multiplier": 0.93, "adjustedScore": 65.1}]}', '[]', '{"source": "planner", "generatedAt": "2026-03-10T09:24:38.534Z", "plannerModule": "1C"}', '[]', '[]', '{"source": "planner"}', 'Henri-Mill FETCHOUANG', 'Moderate', NULL, NULL, NULL, NULL, '2026-03-10 09:24:38.535', 'cmmdrxbeg0001eqlxxz93ljw4'),
('d7ed717d-1bfa-4d85-bdfe-ae47f2ab6e8b', '1.0', '1A', '2026-03-10 08:29:31.213', '2026-03-10 08:29:31.213', '{"inputs": {"apr": 7.000000000000001, "ltv": 50, "btcPrice": 97400, "totalNeed12m": 120000, "durationMonths": 12, "liquidationLtv": 85}, "module": "1A", "results": {"sri": 34.6, "riskBand": "GREEN", "totalCost": 128400, "btcRequired": 2.464065708418891, "collateralUSD": 240000, "monthlyTarget": 10000, "totalInterest": 8400, "marginCallPrice": 64933.33333333333, "liquidationPrice": 57294.11764705882}, "savedAt": "2026-03-10T08:29:30.894Z", "yieldBoard": [{"apy": "6.0–8.0%", "name": "AMINA Bank", "score": 81, "multiplier": 0.87, "adjustedScore": 70.5}, {"apy": "5.0–7.0%", "name": "Sygnum", "score": 79, "multiplier": 0.87, "adjustedScore": 68.7}, {"apy": "8.0–10.0%", "name": "Ledn", "score": 78, "multiplier": 0.87, "adjustedScore": 67.9}, {"apy": "4.0–6.0%", "name": "Xapo", "score": 77, "multiplier": 0.87, "adjustedScore": 67}, {"apy": "5.0–7.0%", "name": "Unchained", "score": 76, "multiplier": 0.87, "adjustedScore": 66.1}], "selectedProviderApy": "6.0–8.0%", "selectedProviderName": "AMINA Bank", "selectedProviderApyMax": 8, "selectedProviderApyMin": 6, "selectedProviderCriteria": {"trackRecord": 80, "jurisdiction": 85, "transparency": 82, "structuralRisk": 78, "collateralControl": 80}}', '[]', '{"source": "planner", "generatedAt": "2026-03-10T08:29:31.213Z", "plannerModule": "1A"}', '[]', '[]', '{"source": "planner"}', 'Henri-Mill FETCHOUANG', 'Moderate', NULL, NULL, NULL, NULL, '2026-03-10 08:29:31.217', 'cmmdrxbeg0001eqlxxz93ljw4'),
('d9169c5f-aa48-4382-a189-a47a558debd8', '1.0', '1B', '2026-03-07 13:32:44.255', '2026-03-07 13:32:44.255', '{"inputs": {"mode": "guided", "capital": 400000, "durationMonths": 36, "selectedTickers": ["strc", "strk", "strf"]}, "module": "1B", "results": {"totalMax": 120000, "totalMin": 84000.00000000001, "annualMax": 40000, "annualMin": 28000.0, "monthlyMax": 3333.333333333333, "monthlyMin": 2333.333333333333}, "savedAt": "2026-03-07T13:32:43.960Z", "blendedApy": {"max": 10, "min": 7}, "instruments": [{"hv30": 28, "name": "STRC", "ticker": "strc", "dccScore": 62, "riskBand": "MEDIUM", "multiplier": 0.8, "apyEstimate": 7, "adjustedScore": 49.6}, {"hv30": 28, "name": "STRK", "ticker": "strk", "dccScore": 59, "riskBand": "ELEVATED", "multiplier": 0.8, "apyEstimate": 8, "adjustedScore": 47.2}, {"hv30": 28, "name": "STRF", "ticker": "strf", "dccScore": 55, "riskBand": "ELEVATED", "multiplier": 0.8, "apyEstimate": 10, "adjustedScore": 44}], "allocationWeights": {"strc": 60, "strf": 20, "strk": 20}}', '[]', '{"source": "planner", "generatedAt": "2026-03-07T13:32:44.255Z", "plannerModule": "1B"}', '[]', '[]', '{"source": "planner"}', 'Henri-Mill FETCHOUANG', 'Moderate', NULL, NULL, NULL, NULL, '2026-03-07 13:32:44.256', 'cmmdrxbeg0001eqlxxz93ljw4');

INSERT INTO "public"."MarketDataCache" ("id", "providerId", "hv30", "pegDeviation", "tvl", "maxDrawdown90d", "source", "fetchedAt", "isStale") VALUES
('cmmdrgrur00001u4davjm4j0f', 'cmm3szduo000ft58a9l9fju2v', 28, NULL, NULL, NULL, 'mock', '2026-03-05 17:52:23.01', 'f'),
('cmmdrgrvn00011u4dmm2hoyrc', 'cmm3szdux000it58aubjsjewp', 28, NULL, NULL, NULL, 'mock', '2026-03-05 17:52:23.033', 'f'),
('cmmdrgrvv00021u4dgaoyoych', 'cmm3szdv2000lt58ai81rucm6', 28, NULL, NULL, NULL, 'mock', '2026-03-05 17:52:23.04', 'f'),
('cmmdrgrw300031u4dcz2rjy43', 'cmm3szdv7000ot58a45842tdb', 28, NULL, NULL, NULL, 'mock', '2026-03-05 17:52:23.049', 'f'),
('cmmdrgrw900041u4dfdfdfdgy', 'cmm3szdvd000rt58ag0qz4vlq', NULL, 0.002, NULL, -0.05, 'mock', '2026-03-05 17:52:23.057', 'f'),
('cmmdrgrwg00051u4d1bjxsnps', 'cmm3szdvk000ut58a0oqgf482', NULL, 0.002, NULL, -0.05, 'mock', '2026-03-05 17:52:23.132', 'f'),
('cmmdrgrwn00061u4dv43vzl3u', 'cmm3szdvq000xt58apiuvmnpy', NULL, 0.002, NULL, -0.05, 'mock', '2026-03-05 17:52:23.14', 'f');

INSERT INTO "public"."Provider" ("id", "name", "slug", "plannerType", "domicile", "jurisdictionTier", "isActive", "apyMin", "apyMax", "maxLtv", "liquidationLtv", "rehypothecation", "createdAt", "updatedAt") VALUES
('cmm3szdt70000t58axtdpb9m4', 'AMINA Bank', 'amina-bank', 'BTC', 'CH', 'T1', 't', 0.06, 0.08, 0.5, 0.85, 'NO', '2026-02-26 18:35:00.131', '2026-02-26 18:35:00.131'),
('cmm3szdtx0003t58ar2r0vyic', 'Ledn', 'ledn', 'BTC', 'CH', 'T1', 't', 0.08, 0.1, 0.5, 0.85, 'NO', '2026-02-26 18:35:00.164', '2026-02-26 18:35:00.164'),
('cmm3szdu50006t58am5ttlb70', 'Nexo', 'nexo', 'BTC', 'CH', 'T2', 't', 0.08, 0.11, 0.5, 0.85, 'DISCLOSED', '2026-02-26 18:35:00.172', '2026-02-26 18:35:00.172'),
('cmm3szdua0009t58a9c2v9s7s', 'Salt Lending', 'salt-lending', 'BTC', 'CH', 'T1', 't', 0.1, 0.12, 0.5, 0.85, 'NO', '2026-02-26 18:35:00.177', '2026-02-26 18:35:00.177'),
('cmm3szduf000ct58a15qj0jqk', 'Celsius (legacy)', 'celsius-legacy', 'BTC', 'CH', 'T3', 't', NULL, NULL, 0.5, 0.85, 'NO', '2026-02-26 18:35:00.183', '2026-03-05 10:49:15.483'),
('cmm3szduo000ft58a9l9fju2v', 'STRC', 'strc', 'FIAT', 'US', 'T1', 't', 0.0665, 0.07350000000000001, NULL, NULL, 'UNDISCLOSED', '2026-02-26 18:35:00.191', '2026-02-26 18:35:00.191'),
('cmm3szdux000it58aubjsjewp', 'STRK', 'strk', 'FIAT', 'US', 'T1', 't', 0.076, 0.084, NULL, NULL, 'UNDISCLOSED', '2026-02-26 18:35:00.201', '2026-02-26 18:35:00.201'),
('cmm3szdv2000lt58ai81rucm6', 'STRF', 'strf', 'FIAT', 'US', 'T1', 't', 0.095, 0.10500000000000001, NULL, NULL, 'UNDISCLOSED', '2026-02-26 18:35:00.205', '2026-02-26 18:35:00.205'),
('cmm3szdv7000ot58a45842tdb', 'SATA', 'sata', 'FIAT', 'US', 'T1', 't', 0.084075, 0.092925, NULL, NULL, 'UNDISCLOSED', '2026-02-26 18:35:00.21', '2026-02-26 18:35:00.21'),
('cmm3szdvd000rt58ag0qz4vlq', 'Morpho USDC', 'morpho-usdc', 'STABLECOIN', 'US', 'T1', 't', 0.07, 0.09, NULL, NULL, 'NO', '2026-02-26 18:35:00.216', '2026-02-26 18:35:00.216'),
('cmm3szdvk000ut58a0oqgf482', 'Aave USDC', 'aave-usdc', 'STABLECOIN', 'US', 'T1', 't', 0.06, 0.08, NULL, NULL, 'NO', '2026-02-26 18:35:00.223', '2026-02-26 18:35:00.223'),
('cmm3szdvq000xt58apiuvmnpy', 'Compound v3', 'compound-v3', 'STABLECOIN', 'US', 'T1', 't', 0.05, 0.07, NULL, NULL, 'NO', '2026-02-26 18:35:00.229', '2026-02-26 18:35:00.229'),
('cmmdrbji20002erp58ffijkuc', 'AMINA Bank', 'amina', 'BTC', 'CH', 'T1', 't', 0.06, 0.08, 0.5, 0.85, 'NO', '2026-03-05 17:46:09.915', '2026-03-05 17:46:09.915'),
('cmmdrbjin0007erp5sxzgge34', 'Sygnum', 'sygnum', 'BTC', 'CH', 'T1', 't', 0.05, 0.07, 0.5, 0.85, 'NO', '2026-03-05 17:46:09.936', '2026-03-05 17:46:09.936'),
('cmmdrbjiz000cerp5efjpih2n', 'Xapo', 'xapo', 'BTC', 'CH', 'T1', 't', 0.04, 0.06, 0.45, 0.8, 'NO', '2026-03-05 17:46:09.947', '2026-03-05 17:46:09.947'),
('cmmdrbjj7000herp5mgs42nud', 'Unchained', 'unchained', 'BTC', 'CH', 'T1', 't', 0.05, 0.07, 0.5, 0.85, 'NO', '2026-03-05 17:46:09.956', '2026-03-05 17:46:09.956'),
('cmmdrbjjj000merp5nrczmknf', 'Matrixport', 'matrixport', 'BTC', 'CH', 'T2', 't', 0.06, 0.09, 0.5, 0.83, 'DISCLOSED', '2026-03-05 17:46:09.967', '2026-03-05 17:46:09.967'),
('cmmdrbjko0011erp5vbn5n8v6', 'Salt Lending', 'salt', 'BTC', 'CH', 'T1', 't', 0.1, 0.12, 0.6, 0.8, 'NO', '2026-03-05 17:46:10.008', '2026-03-05 17:46:10.008'),
('cmmdrbjm40016erp5u0w0po1e', 'Hodl Hodl', 'hodl-hodl', 'BTC', 'CH', 'T2', 't', 0.03, 0.05, 0.4, 0.75, 'NO', '2026-03-05 17:46:10.06', '2026-03-05 17:46:10.06'),
('cmmei6mj9002ap3zzksierwb7', 'Ledn USDC', 'ledn-usdc', 'STABLECOIN', 'US', 'T1', 't', 0.05, 0.07, NULL, NULL, 'NO', '2026-03-06 06:18:10.197', '2026-03-06 06:18:10.197'),
('cmmei6mjc002fp3zz6z394s7a', 'Nexo USDC', 'nexo-usdc', 'STABLECOIN', 'US', 'T1', 't', 0.04, 0.06, NULL, NULL, 'NO', '2026-03-06 06:18:10.2', '2026-03-06 06:18:10.2');

INSERT INTO "public"."Plan" ("id", "slug", "name", "priceYearCents", "priceMonthCents", "stripePriceIdYear", "stripePriceIdMonth") VALUES
('cmmdrbjh20000erp5jaklcelo', 'free', 'Free', 0, 0, NULL, NULL),
('cmmdrbjhp0001erp5d0dfvpki', 'pro', 'PRO', 36000, 4500, 'price_1T9othCXSI7TeQqF3dhAV25n', 'price_1T9ov9CXSI7TeQqFL5xYYBjC');

INSERT INTO "public"."Subscription" ("id", "userId", "planId", "stripeSubscriptionId", "status", "currentPeriodEnd", "createdAt", "updatedAt") VALUES
('cmmmap2pz0001cgfpdgibpouj', 'cmmm1jtv400012f7qn30tq36i', 'cmmdrbjhp0001erp5d0dfvpki', 'sub_1T9s8gCXSI7TeQqFQBNKtjlF', 'active', '2027-03-11 19:09:46', '2026-03-11 17:10:43.459', '2026-03-11 19:09:52.639');

INSERT INTO "public"."_prisma_migrations" ("id", "checksum", "finished_at", "migration_name", "logs", "rolled_back_at", "started_at", "applied_steps_count") VALUES
('4ccf6af4-b63f-4e96-aced-e7602daa458b', '924677ead70d0a06f4527b663ba69fadab36587db2a5a2b15090907889d2cf05', '2026-03-11 18:33:44.557966+01', '20250226200000_add_user_subscription_period', NULL, NULL, '2026-03-11 18:33:44.530634+01', 1),
('69a0fef3-68ff-44c8-9c29-17047a89806b', 'e691edff897663ff64bc4e223725ec43f19cc059ed1298ad0615dfcc92e0e370', '2026-03-07 14:24:17.767286+01', '20250226000000_add_user_id_to_suitability_snapshots', '', NULL, '2026-03-07 14:24:17.767286+01', 0),
('983e9bfc-a921-402a-96e2-45d2fea31559', '85d7e31721e93fa535c4a3bd49516dc7d71fec1a73b4f6f5e38ddd78f769f36d', '2026-03-11 18:33:44.510498+01', '20250226100000_backfill_user_email_verified', NULL, NULL, '2026-03-11 18:33:44.483425+01', 1);

INSERT INTO "public"."User" ("id", "email", "name", "passwordHash", "role", "emailVerified", "emailVerificationToken", "emailVerificationExpiresAt", "passwordResetToken", "passwordResetExpiresAt", "createdAt", "updatedAt", "subscriptionPeriodStart", "subscriptionPeriodEnd", "billingInterval", "subscriptionReminder1dForEnd", "subscriptionReminder30dForEnd", "subscriptionReminder7dForEnd") VALUES
('cmmdrxbeg0001eqlxxz93ljw4', 'xtvalizo@gmail.com', 'Henri-Mill FETCHOUANG', '$2b$10$1PUloK43Oe7.dUKC8daoPe8U5MoBh9f.xu9Njwcmj/I7h22Jn4rEy', 'SUPER_ADMIN', 't', NULL, NULL, NULL, NULL, '2026-03-05 18:03:05.848', '2026-03-05 18:04:11.956', NULL, NULL, NULL, NULL, NULL, NULL),
('cmmm1jtv400012f7qn30tq36i', 'contact@yarabyte.com', 'Yarabyte Sarl', '$2b$10$g7z5TE2/CeNLbzKcGQmbW.bPqNVZRlq8PSjTes3wDdiVm1LFy29ve', 'FREE', 't', NULL, NULL, NULL, NULL, '2026-03-11 12:54:42.16', '2026-03-11 19:09:52.638', '2026-03-11 19:09:46', '2027-03-11 19:09:46', NULL, NULL, NULL, NULL);

ALTER TABLE "public"."ScoringInput" ADD FOREIGN KEY ("providerId") REFERENCES "public"."Provider"("id") ON DELETE RESTRICT ON UPDATE CASCADE;


-- Indices
CREATE INDEX "ScoringInput_providerId_idx" ON public."ScoringInput" USING btree ("providerId");
ALTER TABLE "public"."ScoreSnapshot" ADD FOREIGN KEY ("providerId") REFERENCES "public"."Provider"("id") ON DELETE RESTRICT ON UPDATE CASCADE;
ALTER TABLE "public"."ScoreSnapshot" ADD FOREIGN KEY ("scoringInputId") REFERENCES "public"."ScoringInput"("id") ON DELETE RESTRICT ON UPDATE CASCADE;


-- Indices
CREATE INDEX "ScoreSnapshot_providerId_createdAt_idx" ON public."ScoreSnapshot" USING btree ("providerId", "createdAt");
ALTER TABLE "public"."EvidencePack" ADD FOREIGN KEY ("providerId") REFERENCES "public"."Provider"("id") ON DELETE RESTRICT ON UPDATE CASCADE;


-- Indices
CREATE INDEX "EvidencePack_providerId_adminStatus_idx" ON public."EvidencePack" USING btree ("providerId", "adminStatus");
ALTER TABLE "public"."SuitabilitySnapshot" ADD FOREIGN KEY ("userId") REFERENCES "public"."User"("id") ON DELETE SET NULL ON UPDATE CASCADE;


-- Indices
CREATE INDEX "SuitabilitySnapshot_userId_idx" ON public."SuitabilitySnapshot" USING btree ("userId");


-- Indices
CREATE UNIQUE INDEX "MarketDataCache_providerId_key" ON public."MarketDataCache" USING btree ("providerId");
CREATE INDEX "MarketDataCache_providerId_idx" ON public."MarketDataCache" USING btree ("providerId");


-- Indices
CREATE UNIQUE INDEX "Provider_slug_key" ON public."Provider" USING btree (slug);
CREATE INDEX "Provider_plannerType_isActive_idx" ON public."Provider" USING btree ("plannerType", "isActive");


-- Indices
CREATE UNIQUE INDEX "Plan_slug_key" ON public."Plan" USING btree (slug);
ALTER TABLE "public"."Subscription" ADD FOREIGN KEY ("planId") REFERENCES "public"."Plan"("id") ON DELETE RESTRICT ON UPDATE CASCADE;
ALTER TABLE "public"."Subscription" ADD FOREIGN KEY ("userId") REFERENCES "public"."User"("id") ON DELETE CASCADE ON UPDATE CASCADE;


-- Indices
CREATE INDEX "Subscription_userId_idx" ON public."Subscription" USING btree ("userId");
CREATE UNIQUE INDEX "Subscription_userId_key" ON public."Subscription" USING btree ("userId");


-- Indices
CREATE UNIQUE INDEX "User_email_key" ON public."User" USING btree (email);
